true,pred,count
drama,drama,865
comedy,drama,362
moving relationship stories,drama,340
comedy,comedy,330
romance,drama,300
horror,drama,270
thriller,drama,251
crime,drama,237
crude humor and satire,comedy,225
powerful stories of heartbreak and suffering,drama,217
horror,horror,216
touching and sentimental family stories,drama,210
humanity and the world around us,drama,206
gags,comedy,184
jokes,comedy,184
and slapstick humor,comedy,184
crude humor and satire,drama,173
intense violence and sexual transgression,drama,168
laugh-out-loud relationship entanglements,comedy,154
emotional and touching family dramas,drama,151
twisted dark psychological thriller,drama,150
laugh-out-loud relationship entanglements,drama,149
funny jokes and crude humor,comedy,147
relationship comedy,drama,142
heartbreaking and moving family drama,drama,140
quirky and endearing relationships,drama,127
captivating relationships and charming romance,drama,125
fantasy,drama,123
gags,drama,122
jokes,drama,122
and slapstick humor,drama,122
the undead and monster classics,drama,121
surreal and thought-provoking visions of life and death,drama,121
relationship comedy,comedy,119
terrifying,drama,117
haunted,drama,117
and supernatural horror,drama,117
action,drama,117
adventure,drama,116
mystery,drama,114
charming romances and delightful chemistry,drama,113
drama,comedy,111
romance,comedy,108
emotional teen coming-of-age stories,drama,105
passion and romance,drama,103
action,action,103
amusing jokes and witty satire,comedy,101
the undead and monster classics,horror,97
funny jokes and crude humor,drama,96
enduring stories of family and marital drama,drama,95
dreamlike,drama,92
quirky,drama,92
and surreal storytelling,drama,92
quirky and endearing relationships,comedy,91
horror,the undead and monster classics,88
history,drama,87
thriller,thriller,87
catchy songs and hilarious musical comedy,comedy,87
terrifying,horror,86
haunted,horror,86
and supernatural horror,horror,86
science fiction,drama,84
gothic and eerie haunting horror,drama,83
gory,horror,82
gruesome,horror,82
and slasher horror,horror,82
family,comedy,82
animation,drama,81
powerful poetic and passionate drama,drama,80
gory,drama,80
gruesome,drama,80
and slasher horror,drama,80
kids' animated fun and adventure,comedy,80
creepy,drama,79
chilling,drama,79
and terrifying horror,drama,79
challenging or sexual themes & twists,drama,78
underdogs and coming of age,drama,77
epic heroes,action,77
crime,crime,77
gripping,drama,74
intense violent crime,drama,74
amusing jokes and witty satire,drama,73
adventure,comedy,72
teen school antics and laughter,comedy,71
drugs and gangsters,drama,70
gothic and eerie haunting horror,horror,70
creepy,horror,70
chilling,horror,70
and terrifying horror,horror,70
suspenseful crime thrillers,drama,69
superheroes in action-packed battles with villains,action,69
politics and human rights,drama,68
horror,comedy,68
erotic relationships and desire,drama,67
epic heroes,drama,67
crime,thriller,66
thrillers and murder mysteries,drama,65
emotional and captivating fantasy storytelling,drama,64
charming romances and delightful chemistry,comedy,62
family,drama,61
horror,thriller,61
violent crime and drugs,drama,58
documentary,drama,58
action comedy and silly heroics,comedy,58
intense political and terrorist thrillers,drama,57
noir and dark crime dramas,drama,57
music,drama,57
student coming-of-age challenges,drama,56
violent action,drama,56
guns,drama,56
and crime,drama,56
twisted dark psychological thriller,horror,56
adventure,action,55
song and dance,drama,55
emotional lgbtq relationships,drama,54
action,thriller,53
drama,moving relationship stories,53
animation,comedy,53
catchy songs and hilarious musical comedy,drama,52
thriller,action,52
explosive and action-packed heroes vs. villains,action,51
action,comedy,51
thriller,horror,51
war and historical adventure,drama,51
intriguing and suspenseful murder mysteries,drama,50
high speed and special ops,action,50
fantasy,comedy,50
historical battles and epic heroism,drama,50
war,drama,50
epic history and literature,drama,48
superheroes in action-packed battles with villains,drama,48
graphic violence and brutal revenge,drama,47
teen school antics and laughter,drama,47
explosive and action-packed heroes vs. villains,drama,47
gritty crime and ruthless gangsters,drama,46
touching and sentimental family stories,comedy,46
twisted dark psychological thriller,thriller,45
high speed and special ops,drama,45
underdogs and coming of age,comedy,45
military combat and heroic soldiers,drama,45
racism and the powerful fight for justice,drama,44
moving relationship stories,comedy,44
high speed and special ops,thriller,43
intense violence and sexual transgression,horror,43
science fiction,action,42
holiday joy and heartwarming christmas,comedy,42
horror,and supernatural horror,42
horror,haunted,42
horror,terrifying,42
the undead and monster classics,the undead and monster classics,42
thriller,crime,42
romance,romance,41
science fiction,science fiction,41
moving relationship stories,moving relationship stories,41
fantasy adventure,drama,41
heroism,drama,41
and swordplay,drama,41
horror,twisted dark psychological thriller,40
crime,comedy,40
tragic sadness and captivating beauty,drama,40
fascinating,drama,39
emotional stories and documentaries,drama,39
drama,thriller,39
drama,romance,38
comedy,crude humor and satire,38
terrifying,the undead and monster classics,38
haunted,the undead and monster classics,38
and supernatural horror,the undead and monster classics,38
explosive and action-packed heroes vs. villains,thriller,38
political drama,drama,38
patriotism,drama,38
and war,drama,38
violent action,crime,38
guns,crime,38
and crime,crime,38
science fiction,comedy,37
thriller,comedy,37
heists and thrilling action,drama,36
riveting political and presidential drama,drama,36
crime,action,36
dazzling vocal performances and musicals,drama,36
gory,the undead and monster classics,35
gruesome,the undead and monster classics,35
and slasher horror,the undead and monster classics,35
crude humor and satire,crude humor and satire,35
fairy-tale fantasy and enchanted magic,drama,35
faith and religion,drama,34
emotional life of renowned artists,drama,34
drugs and gangsters,crime,34
creepy,the undead and monster classics,34
chilling,the undead and monster classics,34
and terrifying horror,the undead and monster classics,34
kids' animated fun and adventure,drama,33
action comedy and silly heroics,action,33
gags,crude humor and satire,33
jokes,crude humor and satire,33
and slapstick humor,crude humor and satire,33
adorable animals and heartwarming families,comedy,33
adrenaline-fueled action and fast cars,drama,32
brutal,drama,32
violent prison drama,drama,32
thought-provoking sci-fi action and future technology,drama,32
horror,and slasher horror,32
horror,gory,32
horror,gruesome,32
adrenaline-fueled action and fast cars,action,31
violent action,thriller,31
guns,thriller,31
and crime,thriller,31
monsters,science fiction,31
aliens,science fiction,31
sci-fi and the apocalypse,science fiction,31
gory,thriller,31
gruesome,thriller,31
and slasher horror,thriller,31
nazis and world war ii,drama,31
gritty crime and ruthless gangsters,crime,31
spooky,comedy,31
scary comedy,comedy,31
sci-fi horror,horror,30
creatures,horror,30
and aliens,horror,30
gothic and eerie haunting horror,the undead and monster classics,30
suspenseful crime thrillers,thriller,29
touching and sentimental family stories,moving relationship stories,29
powerful stories of heartbreak and suffering,moving relationship stories,29
mystery,horror,29
the undead and monster classics,comedy,29
emotional and touching family dramas,comedy,29
action-packed space and alien sagas,science fiction,28
adorable animals and heartwarming families,drama,27
action,crime,27
the undead and monster classics,thriller,27
romance,moving relationship stories,27
legendary musicians and stardom,drama,27
violent action,action,27
guns,action,27
and crime,action,27
politics,drama,26
propaganda,drama,26
and political documentaries,drama,26
epic heroes,comedy,26
inspiring sports underdog stories,drama,26
fairy-tale fantasy and enchanted magic,comedy,26
intense violence and sexual transgression,thriller,26
religious faith,drama,25
sin,drama,25
and forgiveness,drama,25
drama,crime,25
drugs and gangsters,thriller,25
terrifying,thriller,25
haunted,thriller,25
and supernatural horror,thriller,25
intense combat and martial arts,action,25
funny jokes and crude humor,crude humor and satire,25
heartbreaking and moving family drama,moving relationship stories,25
holiday joy and heartwarming christmas,drama,25
emotional and touching family dramas,moving relationship stories,24
science fiction,horror,24
superheroes in action-packed battles with villains,comedy,24
amusing jokes and witty satire,crude humor and satire,24
thought-provoking sci-fi action and future technology,science fiction,23
imaginative space odysseys and alien encounters,science fiction,23
comedy,action,23
comedy,romance,23
laugh-out-loud relationship entanglements,crude humor and satire,23
sci-fi horror,drama,23
creatures,drama,23
and aliens,drama,23
action,science fiction,23
thrillers and murder mysteries,thriller,22
heists and thrilling action,thriller,22
adventure,adventure,22
monsters,drama,22
aliens,drama,22
sci-fi and the apocalypse,drama,22
western,drama,22
exciting spy thrillers with tense intrigue,drama,22
dance rhythms and catchy tunes,drama,22
terrifying,and supernatural horror,21
terrifying,haunted,21
terrifying,terrifying,21
haunted,and supernatural horror,21
haunted,haunted,21
haunted,terrifying,21
and supernatural horror,and supernatural horror,21
and supernatural horror,haunted,21
and supernatural horror,terrifying,21
catchy songs and hilarious musical comedy,crude humor and satire,21
thought-provoking sci-fi action and future technology,action,21
emotional teen coming-of-age stories,comedy,21
adventure,science fiction,21
violent crime and drugs,crime,20
crude humor and satire,action,20
relationship comedy,crude humor and satire,20
the undead and monster classics,and supernatural horror,20
the undead and monster classics,haunted,20
the undead and monster classics,terrifying,20
survival horror and zombie carnage,horror,20
song and dance,comedy,20
the undead and monster classics,twisted dark psychological thriller,20
gory,twisted dark psychological thriller,20
gruesome,twisted dark psychological thriller,20
and slasher horror,twisted dark psychological thriller,20
twisted dark psychological thriller,twisted dark psychological thriller,20
captivating vision and shakespearean drama,drama,20
moving relationship stories,romance,20
westerns,drama,20
tv movie,drama,20
comedy,horror,20
intense combat and martial arts,drama,20
noir and dark crime dramas,thriller,19
gory,and supernatural horror,19
gory,haunted,19
gory,terrifying,19
gruesome,and supernatural horror,19
gruesome,haunted,19
gruesome,terrifying,19
and slasher horror,and supernatural horror,19
and slasher horror,haunted,19
and slasher horror,terrifying,19
science fiction,thriller,19
action-packed space and alien sagas,drama,19
music,comedy,19
epic adventure and breathtaking battles,drama,19
powerful stories of heartbreak and suffering,comedy,19
twisted dark psychological thriller,comedy,19
drama,action,19
twisted dark psychological thriller,the undead and monster classics,19
creepy,and supernatural horror,19
creepy,haunted,19
creepy,terrifying,19
chilling,and supernatural horror,19
chilling,haunted,19
chilling,terrifying,19
and terrifying horror,and supernatural horror,19
and terrifying horror,haunted,19
and terrifying horror,terrifying,19
adrenaline-fueled action and fast cars,thriller,19
heists and thrilling action,crime,19
gags,action,18
jokes,action,18
and slapstick humor,action,18
chilling experiments and classic monster horror,horror,18
epic heroes,thriller,18
relationship comedy,romance,18
wild west outlaws and gunfights,drama,18
high speed and special ops,comedy,18
superheroes in action-packed battles with villains,science fiction,18
mystery,comedy,18
gory,comedy,18
gruesome,comedy,18
and slasher horror,comedy,18
action comedy and silly heroics,drama,17
intriguing and suspenseful murder mysteries,thriller,17
mystery,thriller,17
emotional teen coming-of-age stories,moving relationship stories,17
fantasy,action,17
terrifying,twisted dark psychological thriller,17
haunted,twisted dark psychological thriller,17
and supernatural horror,twisted dark psychological thriller,17
exciting spy thrillers with tense intrigue,thriller,17
gothic and eerie haunting horror,and supernatural horror,17
gothic and eerie haunting horror,haunted,17
gothic and eerie haunting horror,terrifying,17
thrillers and murder mysteries,crime,16
gritty crime and ruthless gangsters,thriller,16
horror,science fiction,16
fantasy adventure,action,16
heroism,action,16
and swordplay,action,16
adventure,thriller,16
bravery in war,drama,16
action-packed space and alien sagas,action,16
terrifying,comedy,16
haunted,comedy,16
and supernatural horror,comedy,16
suspenseful crime thrillers,crime,16
the undead and monster classics,and slasher horror,16
the undead and monster classics,gory,16
the undead and monster classics,gruesome,16
gory,and slasher horror,16
gory,gory,16
gory,gruesome,16
gruesome,and slasher horror,16
gruesome,gory,16
gruesome,gruesome,16
and slasher horror,and slasher horror,16
and slasher horror,gory,16
and slasher horror,gruesome,16
faith and spiritual journeys,drama,15
thriller,the undead and monster classics,15
superheroes in action-packed battles with villains,thriller,15
dazzling vocal performances and musicals,comedy,15
gothic and eerie haunting horror,thriller,15
gothic and eerie haunting horror,twisted dark psychological thriller,15
laugh-out-loud relationship entanglements,romance,15
epic heroes,science fiction,15
explosive and action-packed heroes vs. villains,comedy,15
exciting spy thrillers with tense intrigue,action,15
action,epic heroes,15
epic heroes,epic heroes,15
sci-fi horror,the undead and monster classics,14
creatures,the undead and monster classics,14
and aliens,the undead and monster classics,14
comedy,moving relationship stories,14
charming romances and delightful chemistry,romance,14
animation,action,14
monsters,action,14
aliens,action,14
sci-fi and the apocalypse,action,14
heists and thrilling action,comedy,14
graphic violence and brutal revenge,horror,14
intense violence and sexual transgression,crime,13
quirky and endearing relationships,crude humor and satire,13
humanity and the world around us,comedy,13
captivating relationships and charming romance,comedy,13
imaginative space odysseys and alien encounters,drama,13
disastrous voyages and heroic survival,drama,13
creepy,twisted dark psychological thriller,13
chilling,twisted dark psychological thriller,13
and terrifying horror,twisted dark psychological thriller,13
student coming-of-age challenges,comedy,13
quirky and endearing relationships,romance,13
adrenaline-fueled action and fast cars,comedy,13
drama,horror,13
mystery,the undead and monster classics,13
fantasy,adventure,13
captivating relationships and charming romance,moving relationship stories,13
terrifying,and slasher horror,13
terrifying,gory,13
terrifying,gruesome,13
haunted,and slasher horror,13
haunted,gory,13
haunted,gruesome,13
and supernatural horror,and slasher horror,13
and supernatural horror,gory,13
and supernatural horror,gruesome,13
brutal,crime,12
violent prison drama,crime,12
thriller,twisted dark psychological thriller,12
captivating relationships and charming romance,romance,12
passion and romance,romance,12
touching and sentimental family stories,romance,12
chilling experiments and classic monster horror,drama,12
action comedy and silly heroics,thriller,12
crude humor and satire,horror,12
surreal and thought-provoking visions of life and death,comedy,12
comedy,and slapstick humor,12
comedy,gags,12
comedy,jokes,12
crude humor and satire,and slapstick humor,12
crude humor and satire,gags,12
crude humor and satire,jokes,12
gags,and slapstick humor,12
gags,gags,12
gags,jokes,12
jokes,and slapstick humor,12
jokes,gags,12
jokes,jokes,12
and slapstick humor,and slapstick humor,12
and slapstick humor,gags,12
and slapstick humor,jokes,12
western frontier dramas with a touch of humor,drama,12
dangerous technology and the apocalypse,science fiction,12
fantasy,fantasy,12
underdog fighting and boxing stories,drama,12
intense political and terrorist thrillers,thriller,12
intense violence and sexual transgression,the undead and monster classics,12
creepy,comedy,12
chilling,comedy,12
and terrifying horror,comedy,12
bollywood emotional dramas,drama,12
mystery,twisted dark psychological thriller,12
explosive and action-packed heroes vs. villains,crime,12
sci-fi horror,comedy,12
creatures,comedy,12
and aliens,comedy,12
passion and romance,moving relationship stories,12
drugs and gangsters,action,12
gritty crime and ruthless gangsters,action,12
creepy,and slasher horror,12
creepy,gory,12
creepy,gruesome,12
chilling,and slasher horror,12
chilling,gory,12
chilling,gruesome,12
and terrifying horror,and slasher horror,12
and terrifying horror,gory,12
and terrifying horror,gruesome,12
gothic and eerie haunting horror,and slasher horror,12
gothic and eerie haunting horror,gory,12
gothic and eerie haunting horror,gruesome,12
spooky,drama,11
scary comedy,drama,11
romance,crude humor and satire,11
family,adventure,11
epic heroes,adventure,11
humanity and the world around us,moving relationship stories,11
heartbreaking and moving family drama,comedy,11
creepy,thriller,11
chilling,thriller,11
and terrifying horror,thriller,11
animation,animation,11
amusing jokes and witty satire,and slapstick humor,11
amusing jokes and witty satire,gags,11
amusing jokes and witty satire,jokes,11
action comedy and silly heroics,crude humor and satire,11
superheroes in action-packed battles with villains,epic heroes,11
monsters,comedy,11
aliens,comedy,11
sci-fi and the apocalypse,comedy,11
family,family,11
fantasy,horror,11
war and historical adventure,action,10
humanity's odyssey: earth and beyond,science fiction,10
air pilot heroism and survival,drama,10
survival horror and zombie carnage,the undead and monster classics,10
sci-fi horror,science fiction,10
creatures,science fiction,10
and aliens,science fiction,10
animation,adventure,10
passion and romance,comedy,10
spooky,horror,10
scary comedy,horror,10
powerful stories of heartbreak and suffering,romance,10
monsters,horror,10
aliens,horror,10
sci-fi and the apocalypse,horror,10
enduring stories of family and marital drama,moving relationship stories,10
emotional and captivating fantasy storytelling,comedy,10
drama,touching and sentimental family stories,10
funny jokes and crude humor,and slapstick humor,10
funny jokes and crude humor,gags,10
funny jokes and crude humor,jokes,10
thriller,science fiction,10
epic heroes,crime,10
challenging or sexual themes & twists,horror,10
thrillers and murder mysteries,horror,10
action,adventure,10
superheroes in action-packed battles with villains,adventure,10
twisted dark psychological thriller,and supernatural horror,10
twisted dark psychological thriller,haunted,10
twisted dark psychological thriller,terrifying,10
animation,family,10
lavish dramas and sumptuous royalty,drama,10
high speed and special ops,crime,10
heists and thrilling action,action,10
bloody vampire horror,horror,10
graphic violence and brutal revenge,thriller,10
military combat and heroic soldiers,action,9
drama,science fiction,9
mystery,crime,9
horror,crime,9
sci-fi horror,thriller,9
creatures,thriller,9
and aliens,thriller,9
quirky and endearing relationships,moving relationship stories,9
survival horror and zombie carnage,drama,9
emotional teen coming-of-age stories,romance,9
gags,horror,9
jokes,horror,9
and slapstick humor,horror,9
action-packed space and alien sagas,comedy,9
intense violence and sexual transgression,comedy,9
crude humor and satire,romance,9
gags,romance,9
jokes,romance,9
and slapstick humor,romance,9
moving relationship stories,touching and sentimental family stories,9
humanity's odyssey: earth and beyond,drama,9
intense combat and martial arts,epic heroes,9
emotional lgbtq relationships,moving relationship stories,9
fantasy adventure,comedy,9
heroism,comedy,9
and swordplay,comedy,9
bloody vampire horror,drama,9
dreamlike,comedy,9
quirky,comedy,9
and surreal storytelling,comedy,9
noir and dark crime dramas,crime,9
horror,and terrifying horror,9
horror,chilling,9
horror,creepy,9
dance rhythms and catchy tunes,comedy,9
tv movie,comedy,9
horror,action,9
enduring stories of family and marital drama,comedy,9
bravery in war,action,8
twisted dark psychological thriller,crime,8
violent crime and drugs,thriller,8
chilling experiments and classic monster horror,the undead and monster classics,8
the undead and monster classics,science fiction,8
kids' animated fun and adventure,adventure,8
dangerous technology and the apocalypse,drama,8
kids' animated fun and adventure,crude humor and satire,8
science fiction,adventure,8
funny jokes and crude humor,action,8
comedy,the undead and monster classics,8
crime,crude humor and satire,8
catchy songs and hilarious musical comedy,and slapstick humor,8
catchy songs and hilarious musical comedy,gags,8
catchy songs and hilarious musical comedy,jokes,8
military combat and heroic soldiers,thriller,8
exciting spy thrillers with tense intrigue,comedy,8
family,fantasy,8
fairy-tale fantasy and enchanted magic,fantasy,8
adventure,epic heroes,8
dangerous technology and the apocalypse,action,8
mystery,and supernatural horror,8
mystery,haunted,8
mystery,terrifying,8
fairy-tale fantasy and enchanted magic,adventure,8
adorable animals and heartwarming families,adventure,8
erotic relationships and desire,moving relationship stories,8
intense violence and sexual transgression,twisted dark psychological thriller,8
adrenaline-fueled action and fast cars,crime,8
horror,mystery,8
horror,gothic and eerie haunting horror,8
twisted dark psychological thriller,and slasher horror,8
twisted dark psychological thriller,gory,8
twisted dark psychological thriller,gruesome,8
touching and sentimental family stories,touching and sentimental family stories,8
fantasy adventure,adventure,8
heroism,adventure,8
and swordplay,adventure,8
emotional lgbtq relationships,comedy,7
science fiction,aliens,7
science fiction,monsters,7
science fiction,sci-fi and the apocalypse,7
monsters,aliens,7
monsters,monsters,7
monsters,sci-fi and the apocalypse,7
aliens,aliens,7
aliens,monsters,7
aliens,sci-fi and the apocalypse,7
sci-fi and the apocalypse,aliens,7
sci-fi and the apocalypse,monsters,7
sci-fi and the apocalypse,sci-fi and the apocalypse,7
thought-provoking sci-fi action and future technology,thriller,7
survival horror and zombie carnage,comedy,7
adventure,crude humor and satire,7
adventure,animation,7
fantasy,animation,7
amusing jokes and witty satire,action,7
erotic relationships and desire,romance,7
crude humor and satire,thriller,7
gags,thriller,7
jokes,thriller,7
and slapstick humor,thriller,7
funny jokes and crude humor,horror,7
intense combat and martial arts,comedy,7
emotional and touching family dramas,touching and sentimental family stories,7
action comedy and silly heroics,and slapstick humor,7
action comedy and silly heroics,gags,7
action comedy and silly heroics,jokes,7
war and historical adventure,thriller,7
thrillers and murder mysteries,twisted dark psychological thriller,7
thrillers and murder mysteries,comedy,7
science fiction,the undead and monster classics,7
science fiction,epic heroes,7
action comedy and silly heroics,epic heroes,7
adventure,family,7
violent action,comedy,7
guns,comedy,7
and crime,comedy,7
sci-fi monster and dinosaur adventures,action,7
intriguing and suspenseful murder mysteries,crime,7
brutal,action,7
violent prison drama,action,7
intense combat and martial arts,thriller,7
suspenseful crime thrillers,comedy,7
brutal,thriller,7
violent prison drama,thriller,7
imaginative space odysseys and alien encounters,action,7
sci-fi monster and dinosaur adventures,science fiction,7
powerful stories of heartbreak and suffering,touching and sentimental family stories,7
explosive and action-packed heroes vs. villains,epic heroes,7
emotional and captivating fantasy storytelling,adventure,7
humanity and the world around us,science fiction,6
mystery,mystery,6
charming romances and delightful chemistry,crude humor and satire,6
thriller,and supernatural horror,6
thriller,haunted,6
thriller,terrifying,6
horror,action-packed space and alien sagas,6
horror,aliens,6
horror,monsters,6
horror,sci-fi and the apocalypse,6
monsters,thriller,6
aliens,thriller,6
sci-fi and the apocalypse,thriller,6
relationship comedy,moving relationship stories,6
underdogs and coming of age,moving relationship stories,6
family,crude humor and satire,6
funny jokes and crude humor,thriller,6
thought-provoking sci-fi action and future technology,horror,6
thought-provoking sci-fi action and future technology,comedy,6
funny jokes and crude humor,romance,6
romance,touching and sentimental family stories,6
intriguing and suspenseful murder mysteries,comedy,6
war,war,6
war and historical adventure,war,6
military combat and heroic soldiers,war,6
politics and human rights,thriller,6
intense political and terrorist thrillers,action,6
action,superheroes in action-packed battles with villains,6
epic heroes,superheroes in action-packed battles with villains,6
superheroes in action-packed battles with villains,superheroes in action-packed battles with villains,6
chilling experiments and classic monster horror,comedy,6
comedy,thriller,6
family,animation,6
adventure,fantasy,6
animation,fantasy,6
kids' animated fun and adventure,family,6
holiday joy and heartwarming christmas,family,6
emotional lgbtq relationships,romance,6
bloody vampire horror,comedy,6
fantasy,science fiction,6
sci-fi horror,action,6
creatures,action,6
and aliens,action,6
disastrous voyages and heroic survival,action,6
high speed and special ops,science fiction,6
emotional and touching family dramas,romance,6
historical battles and epic heroism,action,6
epic adventure and breathtaking battles,action,6
violent crime and drugs,action,6
action-packed space and alien sagas,aliens,6
action-packed space and alien sagas,monsters,6
action-packed space and alien sagas,sci-fi and the apocalypse,6
thriller,and slasher horror,6
thriller,gory,6
thriller,gruesome,6
intense violence and sexual transgression,and supernatural horror,6
intense violence and sexual transgression,haunted,6
intense violence and sexual transgression,terrifying,6
mystery,and slasher horror,6
mystery,gory,6
mystery,gruesome,6
heartbreaking and moving family drama,touching and sentimental family stories,6
high speed and special ops,epic heroes,6
thriller,epic heroes,6
crime,epic heroes,6
tragic sadness and captivating beauty,moving relationship stories,6
crude humor and satire,crime,5
documentary,documentary,5
sci-fi horror,aliens,5
sci-fi horror,monsters,5
sci-fi horror,sci-fi and the apocalypse,5
creatures,aliens,5
creatures,monsters,5
creatures,sci-fi and the apocalypse,5
and aliens,aliens,5
and aliens,monsters,5
and aliens,sci-fi and the apocalypse,5
comedy,adventure,5
laugh-out-loud relationship entanglements,moving relationship stories,5
charming romances and delightful chemistry,moving relationship stories,5
erotic relationships and desire,comedy,5
dangerous technology and the apocalypse,thriller,5
imaginative space odysseys and alien encounters,horror,5
crude humor and satire,the undead and monster classics,5
comedy,laugh-out-loud relationship entanglements,5
relationship comedy,laugh-out-loud relationship entanglements,5
laugh-out-loud relationship entanglements,laugh-out-loud relationship entanglements,5
quirky and endearing relationships,laugh-out-loud relationship entanglements,5
comedy,science fiction,5
crude humor and satire,science fiction,5
fantasy adventure,science fiction,5
heroism,science fiction,5
and swordplay,science fiction,5
explosive and action-packed heroes vs. villains,science fiction,5
nazis and world war ii,war,5
erotic relationships and desire,horror,5
kids' animated fun and adventure,fantasy,5
politics and human rights,action,5
thrillers and murder mysteries,the undead and monster classics,5
science fiction,superheroes in action-packed battles with villains,5
fantasy,family,5
fairy-tale fantasy and enchanted magic,family,5
holiday joy and heartwarming christmas,adventure,5
intriguing and suspenseful murder mysteries,twisted dark psychological thriller,5
drama,war,5
animation,science fiction,5
kids' animated fun and adventure,action,5
terrifying,and terrifying horror,5
terrifying,chilling,5
terrifying,creepy,5
haunted,and terrifying horror,5
haunted,chilling,5
haunted,creepy,5
and supernatural horror,and terrifying horror,5
and supernatural horror,chilling,5
and supernatural horror,creepy,5
creepy,and terrifying horror,5
creepy,chilling,5
creepy,creepy,5
chilling,and terrifying horror,5
chilling,chilling,5
chilling,creepy,5
and terrifying horror,and terrifying horror,5
and terrifying horror,chilling,5
and terrifying horror,creepy,5
bloody vampire horror,the undead and monster classics,5
graphic violence and brutal revenge,crime,5
twisted dark psychological thriller,mystery,5
gripping,thriller,5
intense violent crime,thriller,5
war,thriller,5
sci-fi horror,and slasher horror,5
sci-fi horror,gory,5
sci-fi horror,gruesome,5
creatures,and slasher horror,5
creatures,gory,5
creatures,gruesome,5
and aliens,and slasher horror,5
and aliens,gory,5
and aliens,gruesome,5
drugs and gangsters,comedy,5
gritty crime and ruthless gangsters,comedy,5
violent crime and drugs,comedy,5
sci-fi monster and dinosaur adventures,drama,5
war,action,5
action,crude humor and satire,5
intriguing and suspenseful murder mysteries,horror,5
adrenaline-fueled action and fast cars,epic heroes,5
violent action,epic heroes,5
guns,epic heroes,5
and crime,epic heroes,5
heartbreaking and moving family drama,romance,5
suspenseful crime thrillers,horror,5
relationship comedy,action,4
laugh-out-loud relationship entanglements,action,4
comedy,crime,4
gags,crime,4
jokes,crime,4
and slapstick humor,crime,4
the undead and monster classics,crime,4
gory,crime,4
gruesome,crime,4
and slasher horror,crime,4
holiday joy and heartwarming christmas,crude humor and satire,4
chilling experiments and classic monster horror,and supernatural horror,4
chilling experiments and classic monster horror,haunted,4
chilling experiments and classic monster horror,terrifying,4
sci-fi horror,and supernatural horror,4
sci-fi horror,haunted,4
sci-fi horror,terrifying,4
creatures,and supernatural horror,4
creatures,haunted,4
creatures,terrifying,4
and aliens,and supernatural horror,4
and aliens,haunted,4
and aliens,terrifying,4
science fiction,action-packed space and alien sagas,4
monsters,action-packed space and alien sagas,4
aliens,action-packed space and alien sagas,4
sci-fi and the apocalypse,action-packed space and alien sagas,4
sci-fi horror,action-packed space and alien sagas,4
creatures,action-packed space and alien sagas,4
and aliens,action-packed space and alien sagas,4
imaginative space odysseys and alien encounters,aliens,4
imaginative space odysseys and alien encounters,monsters,4
imaginative space odysseys and alien encounters,sci-fi and the apocalypse,4
chilling experiments and classic monster horror,thriller,4
terrifying,science fiction,4
haunted,science fiction,4
and supernatural horror,science fiction,4
drama,adventure,4
catchy songs and hilarious musical comedy,action,4
family,moving relationship stories,4
spooky,the undead and monster classics,4
scary comedy,the undead and monster classics,4
amusing jokes and witty satire,horror,4
crude humor and satire,laugh-out-loud relationship entanglements,4
amusing jokes and witty satire,romance,4
comedy,touching and sentimental family stories,4
quirky and endearing relationships,touching and sentimental family stories,4
action comedy and silly heroics,science fiction,4
westerns,crime,4
suspenseful crime thrillers,twisted dark psychological thriller,4
war,military combat and heroic soldiers,4
war,war and historical adventure,4
war and historical adventure,military combat and heroic soldiers,4
war and historical adventure,war and historical adventure,4
military combat and heroic soldiers,military combat and heroic soldiers,4
military combat and heroic soldiers,war and historical adventure,4
bravery in war,war,4
nazis and world war ii,military combat and heroic soldiers,4
nazis and world war ii,war and historical adventure,4
gripping,crime,4
intense violent crime,crime,4
student coming-of-age challenges,moving relationship stories,4
adventure,superheroes in action-packed battles with villains,4
drama,epic heroes,4
comedy,epic heroes,4
fantasy adventure,epic heroes,4
heroism,epic heroes,4
and swordplay,epic heroes,4
science fiction,romance,4
surreal and thought-provoking visions of life and death,moving relationship stories,4
holiday joy and heartwarming christmas,fantasy,4
adorable animals and heartwarming families,family,4
humanity and the world around us,romance,4
romance,laugh-out-loud relationship entanglements,4
teen school antics and laughter,romance,4
charming romances and delightful chemistry,laugh-out-loud relationship entanglements,4
historical battles and epic heroism,war,4
political drama,war,4
patriotism,war,4
and war,war,4
crime,drugs and gangsters,4
intense combat and martial arts,crime,4
superheroes in action-packed battles with villains,crime,4
twisted dark psychological thriller,action,4
comedy,underdogs and coming of age,4
underdogs and coming of age,underdogs and coming of age,4
crude humor and satire,underdogs and coming of age,4
teen school antics and laughter,underdogs and coming of age,4
funny jokes and crude humor,underdogs and coming of age,4
family,action,4
suspenseful crime thrillers,action,4
adrenaline-fueled action and fast cars,science fiction,4
the undead and monster classics,and terrifying horror,4
the undead and monster classics,chilling,4
the undead and monster classics,creepy,4
gothic and eerie haunting horror,and terrifying horror,4
gothic and eerie haunting horror,chilling,4
gothic and eerie haunting horror,creepy,4
gory,and terrifying horror,4
gory,chilling,4
gory,creepy,4
gruesome,and terrifying horror,4
gruesome,chilling,4
gruesome,creepy,4
and slasher horror,and terrifying horror,4
and slasher horror,chilling,4
and slasher horror,creepy,4
mystery,action,4
action comedy and silly heroics,crime,4
comedy,funny jokes and crude humor,4
crude humor and satire,funny jokes and crude humor,4
gags,funny jokes and crude humor,4
jokes,funny jokes and crude humor,4
and slapstick humor,funny jokes and crude humor,4
funny jokes and crude humor,funny jokes and crude humor,4
amusing jokes and witty satire,funny jokes and crude humor,4
thriller,mystery,4
intense violence and sexual transgression,mystery,4
thrillers and murder mysteries,thrillers and murder mysteries,4
suspenseful crime thrillers,thrillers and murder mysteries,4
intriguing and suspenseful murder mysteries,mystery,4
twisted dark psychological thriller,thrillers and murder mysteries,4
gothic and eerie haunting horror,comedy,4
fantasy adventure,fantasy,4
heroism,fantasy,4
and swordplay,fantasy,4
underdog fighting and boxing stories,action,4
relationship comedy,and slapstick humor,4
relationship comedy,gags,4
relationship comedy,jokes,4
laugh-out-loud relationship entanglements,and slapstick humor,4
laugh-out-loud relationship entanglements,gags,4
laugh-out-loud relationship entanglements,jokes,4
fantasy,the undead and monster classics,4
the undead and monster classics,gothic and eerie haunting horror,4
creepy,gothic and eerie haunting horror,4
chilling,gothic and eerie haunting horror,4
and terrifying horror,gothic and eerie haunting horror,4
terrifying,gothic and eerie haunting horror,4
haunted,gothic and eerie haunting horror,4
and supernatural horror,gothic and eerie haunting horror,4
gothic and eerie haunting horror,gothic and eerie haunting horror,4
gory,gothic and eerie haunting horror,4
gruesome,gothic and eerie haunting horror,4
and slasher horror,gothic and eerie haunting horror,4
noir and dark crime dramas,comedy,4
the undead and monster classics,action,4
adventure,aliens,4
adventure,monsters,4
adventure,sci-fi and the apocalypse,4
superheroes in action-packed battles with villains,aliens,4
superheroes in action-packed battles with villains,monsters,4
superheroes in action-packed battles with villains,sci-fi and the apocalypse,4
survival horror and zombie carnage,and slasher horror,4
survival horror and zombie carnage,gory,4
survival horror and zombie carnage,gruesome,4
horror,romance,4
horror,intense violence and sexual transgression,4
epic heroes,crude humor and satire,4
monsters,adventure,4
aliens,adventure,4
sci-fi and the apocalypse,adventure,4
explosive and action-packed heroes vs. villains,adventure,4
animation,horror,4
epic heroes,horror,4
superheroes in action-packed battles with villains,horror,4
crime,horror,4
moving relationship stories,powerful stories of heartbreak and suffering,4
touching and sentimental family stories,powerful stories of heartbreak and suffering,4
catchy songs and hilarious musical comedy,romance,4
animation,epic heroes,4
epic adventure and breathtaking battles,adventure,4
dreamlike,horror,4
quirky,horror,4
and surreal storytelling,horror,4
nazis and world war ii,action,3
crime,mystery,3
terrifying,crime,3
haunted,crime,3
and supernatural horror,crime,3
survival horror and zombie carnage,and supernatural horror,3
survival horror and zombie carnage,haunted,3
survival horror and zombie carnage,terrifying,3
the undead and monster classics,action-packed space and alien sagas,3
the undead and monster classics,aliens,3
the undead and monster classics,monsters,3
the undead and monster classics,sci-fi and the apocalypse,3
imaginative space odysseys and alien encounters,thriller,3
chilling experiments and classic monster horror,science fiction,3
crude humor and satire,moving relationship stories,3
disastrous voyages and heroic survival,thriller,3
creepy,science fiction,3
chilling,science fiction,3
and terrifying horror,science fiction,3
comedy,animation,3
animation,moving relationship stories,3
dreamlike,action,3
quirky,action,3
and surreal storytelling,action,3
air pilot heroism and survival,thriller,3
gags,the undead and monster classics,3
jokes,the undead and monster classics,3
and slapstick humor,the undead and monster classics,3
action comedy and silly heroics,horror,3
action comedy and silly heroics,the undead and monster classics,3
funny jokes and crude humor,laugh-out-loud relationship entanglements,3
gags,laugh-out-loud relationship entanglements,3
jokes,laugh-out-loud relationship entanglements,3
and slapstick humor,laugh-out-loud relationship entanglements,3
action-packed space and alien sagas,thriller,3
crime,and slapstick humor,3
crime,gags,3
crime,jokes,3
documentary,comedy,3
surreal and thought-provoking visions of life and death,horror,3
drama,crude humor and satire,3
touching and sentimental family stories,crude humor and satire,3
action,horror,3
survival horror and zombie carnage,thriller,3
comedy,fantasy,3
action,high speed and special ops,3
thriller,high speed and special ops,3
high speed and special ops,high speed and special ops,3
epic heroes,high speed and special ops,3
explosive and action-packed heroes vs. villains,high speed and special ops,3
politics,action,3
politics,thriller,3
propaganda,action,3
propaganda,thriller,3
and political documentaries,action,3
and political documentaries,thriller,3
animation,crude humor and satire,3
imaginative space odysseys and alien encounters,comedy,3
brutal,comedy,3
violent prison drama,comedy,3
thought-provoking sci-fi action and future technology,romance,3
surreal and thought-provoking visions of life and death,romance,3
kids' animated fun and adventure,animation,3
fairy-tale fantasy and enchanted magic,animation,3
superheroes in action-packed battles with villains,fantasy,3
adorable animals and heartwarming families,animation,3
adorable animals and heartwarming families,fantasy,3
powerful poetic and passionate drama,moving relationship stories,3
powerful poetic and passionate drama,romance,3
crime,twisted dark psychological thriller,3
epic history and literature,war,3
surreal and thought-provoking visions of life and death,science fiction,3
family,science fiction,3
relationship comedy,underdogs and coming of age,3
gags,underdogs and coming of age,3
jokes,underdogs and coming of age,3
and slapstick humor,underdogs and coming of age,3
student coming-of-age challenges,underdogs and coming of age,3
adorable animals and heartwarming families,action,3
bloody vampire horror,thriller,3
thrillers and murder mysteries,action,3
bloody vampire horror,and supernatural horror,3
bloody vampire horror,and terrifying horror,3
bloody vampire horror,chilling,3
bloody vampire horror,creepy,3
bloody vampire horror,haunted,3
bloody vampire horror,terrifying,3
action comedy and silly heroics,funny jokes and crude humor,3
thriller,thrillers and murder mysteries,3
thrillers and murder mysteries,mystery,3
suspenseful crime thrillers,mystery,3
intriguing and suspenseful murder mysteries,thrillers and murder mysteries,3
graphic violence and brutal revenge,mystery,3
noir and dark crime dramas,thrillers and murder mysteries,3
the undead and monster classics,mystery,3
underdogs and coming of age,romance,3
mystery,science fiction,3
teen school antics and laughter,crude humor and satire,3
music,music,3
twisted dark psychological thriller,romance,3
inspiring sports underdog stories,comedy,3
romance,fantasy,3
political drama,thriller,3
patriotism,thriller,3
and war,thriller,3
adventure,holiday joy and heartwarming christmas,3
family,holiday joy and heartwarming christmas,3
fantasy,crude humor and satire,3
fantasy,holiday joy and heartwarming christmas,3
holiday joy and heartwarming christmas,holiday joy and heartwarming christmas,3
kids' animated fun and adventure,holiday joy and heartwarming christmas,3
comedy,family,3
action,aliens,3
action,monsters,3
action,sci-fi and the apocalypse,3
epic heroes,aliens,3
epic heroes,monsters,3
epic heroes,sci-fi and the apocalypse,3
sci-fi monster and dinosaur adventures,aliens,3
sci-fi monster and dinosaur adventures,monsters,3
sci-fi monster and dinosaur adventures,sci-fi and the apocalypse,3
thought-provoking sci-fi action and future technology,aliens,3
thought-provoking sci-fi action and future technology,monsters,3
thought-provoking sci-fi action and future technology,sci-fi and the apocalypse,3
wild west outlaws and gunfights,crime,3
intense violence and sexual transgression,and slasher horror,3
intense violence and sexual transgression,gory,3
intense violence and sexual transgression,gruesome,3
riveting political and presidential drama,comedy,3
bravery in war,thriller,3
music,horror,3
drama,military combat and heroic soldiers,3
drama,war and historical adventure,3
political drama,military combat and heroic soldiers,3
political drama,war and historical adventure,3
patriotism,military combat and heroic soldiers,3
patriotism,war and historical adventure,3
and war,military combat and heroic soldiers,3
and war,war and historical adventure,3
gory,mystery,3
gruesome,mystery,3
and slasher horror,mystery,3
adventure,action-packed space and alien sagas,3
intense combat and martial arts,science fiction,3
action-packed space and alien sagas,action-packed space and alien sagas,3
action,and slapstick humor,3
action,gags,3
action,jokes,3
thriller,crude humor and satire,3
high speed and special ops,crude humor and satire,3
explosive and action-packed heroes vs. villains,crude humor and satire,3
adrenaline-fueled action and fast cars,crude humor and satire,3
action-packed space and alien sagas,adventure,3
graphic violence and brutal revenge,twisted dark psychological thriller,3
disastrous voyages and heroic survival,adventure,3
crime,superheroes in action-packed battles with villains,3
action comedy and silly heroics,superheroes in action-packed battles with villains,3
emotional and captivating fantasy storytelling,action,3
emotional and captivating fantasy storytelling,science fiction,3
drama,the undead and monster classics,3
tragic sadness and captivating beauty,powerful stories of heartbreak and suffering,3
tragic sadness and captivating beauty,touching and sentimental family stories,3
teen friendship and coming-of-age,drama,3
emotional life of renowned artists,comedy,3
underdogs and coming of age,horror,3
dreamlike,crime,3
quirky,crime,3
and surreal storytelling,crime,3
drama,powerful stories of heartbreak and suffering,3
powerful stories of heartbreak and suffering,powerful stories of heartbreak and suffering,3
bloody vampire horror,action,3
history,comedy,3
intense political and terrorist thrillers,comedy,3
spooky,crude humor and satire,3
scary comedy,crude humor and satire,3
action,explosive and action-packed heroes vs. villains,3
thriller,explosive and action-packed heroes vs. villains,3
high speed and special ops,explosive and action-packed heroes vs. villains,3
epic heroes,explosive and action-packed heroes vs. villains,3
explosive and action-packed heroes vs. villains,explosive and action-packed heroes vs. villains,3
adrenaline-fueled action and fast cars,explosive and action-packed heroes vs. villains,3
violent action,explosive and action-packed heroes vs. villains,3
guns,explosive and action-packed heroes vs. villains,3
and crime,explosive and action-packed heroes vs. villains,3
science fiction,animation,3
comedy,twisted dark psychological thriller,3
crude humor and satire,twisted dark psychological thriller,3
spooky,twisted dark psychological thriller,3
scary comedy,twisted dark psychological thriller,3
crime,explosive and action-packed heroes vs. villains,3
noir and dark crime dramas,horror,3
moving relationship stories,horror,3
adventure,crime,3
historical battles and epic heroism,adventure,3
tragic sadness and captivating beauty,romance,3
moving relationship stories,crude humor and satire,3
intense combat and martial arts,superheroes in action-packed battles with villains,3
gags,epic heroes,3
jokes,epic heroes,3
and slapstick humor,epic heroes,3
documentary,science fiction,2
funny jokes and crude humor,crime,2
amusing jokes and witty satire,crime,2
catchy songs and hilarious musical comedy,crime,2
gothic and eerie haunting horror,crime,2
creepy,crime,2
chilling,crime,2
and terrifying horror,crime,2
moving relationship stories,documentary,2
fascinating,documentary,2
emotional stories and documentaries,documentary,2
powerful stories of heartbreak and suffering,documentary,2
imaginative space odysseys and alien encounters,action-packed space and alien sagas,2
terrifying,action-packed space and alien sagas,2
terrifying,aliens,2
terrifying,monsters,2
terrifying,sci-fi and the apocalypse,2
haunted,action-packed space and alien sagas,2
haunted,aliens,2
haunted,monsters,2
haunted,sci-fi and the apocalypse,2
and supernatural horror,action-packed space and alien sagas,2
and supernatural horror,aliens,2
and supernatural horror,monsters,2
and supernatural horror,sci-fi and the apocalypse,2
crude humor and satire,adventure,2
action comedy and silly heroics,adventure,2
gags,adventure,2
jokes,adventure,2
and slapstick humor,adventure,2
song and dance,romance,2
dazzling vocal performances and musicals,romance,2
gothic and eerie haunting horror,science fiction,2
science fiction,crude humor and satire,2
faith and religion,horror,2
adventure,moving relationship stories,2
fantasy,moving relationship stories,2
adorable animals and heartwarming families,moving relationship stories,2
fairy-tale fantasy and enchanted magic,moving relationship stories,2
intense violence and sexual transgression,action,2
surreal and thought-provoking visions of life and death,action,2
funny jokes and crude humor,the undead and monster classics,2
amusing jokes and witty satire,the undead and monster classics,2
relationship comedy,touching and sentimental family stories,2
funny jokes and crude humor,moving relationship stories,2
gags,science fiction,2
jokes,science fiction,2
and slapstick humor,science fiction,2
horror,moving relationship stories,2
bravery in war,military combat and heroic soldiers,2
bravery in war,war and historical adventure,2
moving relationship stories,crime,2
underdogs and coming of age,crime,2
humanity and the world around us,crime,2
powerful stories of heartbreak and suffering,crime,2
emotional and touching family dramas,crime,2
documentary,horror,2
humanity's odyssey: earth and beyond,horror,2
emotional and touching family dramas,crude humor and satire,2
song and dance,fantasy,2
exciting spy thrillers with tense intrigue,high speed and special ops,2
intense political and terrorist thrillers,high speed and special ops,2
drama,underdogs and coming of age,2
moving relationship stories,underdogs and coming of age,2
emotional and touching family dramas,underdogs and coming of age,2
touching and sentimental family stories,underdogs and coming of age,2
animation,romance,2
monsters,romance,2
aliens,romance,2
sci-fi and the apocalypse,romance,2
emotional and captivating fantasy storytelling,moving relationship stories,2
fantasy,kids' animated fun and adventure,2
family,kids' animated fun and adventure,2
adventure,kids' animated fun and adventure,2
kids' animated fun and adventure,kids' animated fun and adventure,2
fairy-tale fantasy and enchanted magic,kids' animated fun and adventure,2
superheroes in action-packed battles with villains,animation,2
holiday joy and heartwarming christmas,kids' animated fun and adventure,2
adorable animals and heartwarming families,kids' animated fun and adventure,2
challenging or sexual themes & twists,romance,2
teen school antics and laughter,moving relationship stories,2
noir and dark crime dramas,twisted dark psychological thriller,2
action,war,2
history,war,2
drama,drugs and gangsters,2
drugs and gangsters,drugs and gangsters,2
gritty crime and ruthless gangsters,drugs and gangsters,2
violent crime and drugs,drugs and gangsters,2
violent action,drugs and gangsters,2
guns,drugs and gangsters,2
and crime,drugs and gangsters,2
enduring stories of family and marital drama,romance,2
dangerous technology and the apocalypse,comedy,2
noir and dark crime dramas,action,2
comedy,amusing jokes and witty satire,2
crude humor and satire,amusing jokes and witty satire,2
gags,amusing jokes and witty satire,2
jokes,amusing jokes and witty satire,2
and slapstick humor,amusing jokes and witty satire,2
catchy songs and hilarious musical comedy,funny jokes and crude humor,2
funny jokes and crude humor,amusing jokes and witty satire,2
amusing jokes and witty satire,amusing jokes and witty satire,2
action comedy and silly heroics,amusing jokes and witty satire,2
crime,thrillers and murder mysteries,2
horror,intriguing and suspenseful murder mysteries,2
horror,thrillers and murder mysteries,2
intense violence and sexual transgression,thrillers and murder mysteries,2
thrillers and murder mysteries,intriguing and suspenseful murder mysteries,2
suspenseful crime thrillers,intriguing and suspenseful murder mysteries,2
intriguing and suspenseful murder mysteries,intriguing and suspenseful murder mysteries,2
graphic violence and brutal revenge,intriguing and suspenseful murder mysteries,2
graphic violence and brutal revenge,thrillers and murder mysteries,2
twisted dark psychological thriller,intriguing and suspenseful murder mysteries,2
terrifying,mystery,2
haunted,mystery,2
and supernatural horror,mystery,2
action,family,2
song and dance,family,2
emotional and captivating fantasy storytelling,family,2
monsters,the undead and monster classics,2
aliens,the undead and monster classics,2
sci-fi and the apocalypse,the undead and monster classics,2
gory,science fiction,2
gruesome,science fiction,2
and slasher horror,science fiction,2
emotional and captivating fantasy storytelling,fantasy,2
tv movie,horror,2
underdogs and coming of age,thriller,2
gripping,thrillers and murder mysteries,2
intense violent crime,thrillers and murder mysteries,2
emotional and touching family dramas,adventure,2
powerful stories of heartbreak and suffering,adventure,2
thriller,romance,2
mystery,romance,2
dreamlike,romance,2
quirky,romance,2
and surreal storytelling,romance,2
crime,romance,2
engaging,drama,2
intense crime and casino drama,drama,2
extreme gory horror and cannibalism,horror,2
extreme gory horror and cannibalism,drama,2
horror,fantasy,2
history,thriller,2
romance,and slapstick humor,2
romance,gags,2
romance,jokes,2
fantasy,and supernatural horror,2
fantasy,haunted,2
fantasy,terrifying,2
drama,fantasy,2
epic heroes,fantasy,2
epic adventure and breathtaking battles,fantasy,2
bloody vampire horror,and slasher horror,2
bloody vampire horror,gory,2
bloody vampire horror,gruesome,2
fantasy,romance,2
family,romance,2
music,romance,2
holiday joy and heartwarming christmas,romance,2
comedy,holiday joy and heartwarming christmas,2
crude humor and satire,holiday joy and heartwarming christmas,2
adorable animals and heartwarming families,holiday joy and heartwarming christmas,2
fairy-tale fantasy and enchanted magic,crude humor and satire,2
fairy-tale fantasy and enchanted magic,holiday joy and heartwarming christmas,2
chilling experiments and classic monster horror,action,2
drama,animation,2
sci-fi horror,superheroes in action-packed battles with villains,2
creatures,superheroes in action-packed battles with villains,2
and aliens,superheroes in action-packed battles with villains,2
survival horror and zombie carnage,and terrifying horror,2
survival horror and zombie carnage,chilling,2
survival horror and zombie carnage,creepy,2
intense political and terrorist thrillers,crime,2
riveting political and presidential drama,action,2
riveting political and presidential drama,thriller,2
politics and human rights,comedy,2
the undead and monster classics,romance,2
teen school antics and laughter,action,2
graphic violence and brutal revenge,the undead and monster classics,2
challenging or sexual themes & twists,the undead and monster classics,2
laugh-out-loud relationship entanglements,horror,2
intense combat and martial arts,horror,2
epic history and literature,military combat and heroic soldiers,2
epic history and literature,war and historical adventure,2
historical battles and epic heroism,military combat and heroic soldiers,2
historical battles and epic heroism,war and historical adventure,2
the undead and monster classics,intense violence and sexual transgression,2
gory,intense violence and sexual transgression,2
gruesome,intense violence and sexual transgression,2
and slasher horror,intense violence and sexual transgression,2
gothic and eerie haunting horror,intense violence and sexual transgression,2
gothic and eerie haunting horror,mystery,2
terrifying,intense violence and sexual transgression,2
haunted,intense violence and sexual transgression,2
and supernatural horror,intense violence and sexual transgression,2
twisted dark psychological thriller,gothic and eerie haunting horror,2
twisted dark psychological thriller,intense violence and sexual transgression,2
creepy,intense violence and sexual transgression,2
chilling,intense violence and sexual transgression,2
and terrifying horror,intense violence and sexual transgression,2
challenging or sexual themes & twists,thriller,2
thriller,aliens,2
thriller,monsters,2
thriller,sci-fi and the apocalypse,2
fantasy,aliens,2
fantasy,monsters,2
fantasy,sci-fi and the apocalypse,2
drama,family,2
graphic violence and brutal revenge,action,2
graphic violence and brutal revenge,comedy,2
surreal and thought-provoking visions of life and death,thriller,2
comedy,and slasher horror,2
comedy,gory,2
comedy,gruesome,2
teen school antics and laughter,horror,2
laugh-out-loud relationship entanglements,underdogs and coming of age,2
epic heroes,and slapstick humor,2
epic heroes,gags,2
epic heroes,jokes,2
heists and thrilling action,crude humor and satire,2
high speed and special ops,adventure,2
adrenaline-fueled action and fast cars,adventure,2
thrillers and murder mysteries,and slasher horror,2
thrillers and murder mysteries,gory,2
thrillers and murder mysteries,gruesome,2
intriguing and suspenseful murder mysteries,and slasher horror,2
intriguing and suspenseful murder mysteries,gory,2
intriguing and suspenseful murder mysteries,gruesome,2
intriguing and suspenseful murder mysteries,the undead and monster classics,2
emotional and captivating fantasy storytelling,horror,2
humanity's odyssey: earth and beyond,action,2
comedy,superheroes in action-packed battles with villains,2
explosive and action-packed heroes vs. villains,superheroes in action-packed battles with villains,2
drugs and gangsters,epic heroes,2
gritty crime and ruthless gangsters,epic heroes,2
drama,twisted dark psychological thriller,2
emotional and touching family dramas,powerful stories of heartbreak and suffering,2
teen friendship and coming-of-age,comedy,2
adventure,horror,2
challenging or sexual themes & twists,crime,2
heartbreaking and moving family drama,powerful stories of heartbreak and suffering,2
survival horror and zombie carnage,action,2
epic adventure and breathtaking battles,comedy,2
dreamlike,thriller,2
quirky,thriller,2
and surreal storytelling,thriller,2
adrenaline-fueled action and fast cars,high speed and special ops,2
exciting spy thrillers with tense intrigue,epic heroes,2
violent action,high speed and special ops,2
guns,high speed and special ops,2
and crime,high speed and special ops,2
legendary musicians and stardom,comedy,2
funny jokes and crude humor,twisted dark psychological thriller,2
crime,and crime,2
crime,guns,2
crime,high speed and special ops,2
crime,violent action,2
intense combat and martial arts,explosive and action-packed heroes vs. villains,2
thrillers and murder mysteries,and supernatural horror,2
thrillers and murder mysteries,haunted,2
thrillers and murder mysteries,terrifying,2
thought-provoking sci-fi action and future technology,adventure,2
imaginative space odysseys and alien encounters,adventure,2
catchy songs and hilarious musical comedy,laugh-out-loud relationship entanglements,2
sci-fi monster and dinosaur adventures,horror,2
enduring stories of family and marital drama,touching and sentimental family stories,2
science fiction,crime,2
thought-provoking sci-fi action and future technology,crime,2
action,animation,2
war,comedy,2
mystery,thrillers and murder mysteries,2
laugh-out-loud relationship entanglements,crime,2
western,comedy,2
westerns,comedy,2
western frontier dramas with a touch of humor,comedy,2
monsters,animation,2
aliens,animation,2
sci-fi and the apocalypse,animation,2
epic heroes,animation,2
emotional and captivating fantasy storytelling,animation,2
comedy,and supernatural horror,2
comedy,haunted,2
comedy,terrifying,2
fantasy,epic heroes,2
animation,superheroes in action-packed battles with villains,2
humanity and the world around us,documentary,2
dangerous technology and the apocalypse,aliens,2
dangerous technology and the apocalypse,monsters,2
dangerous technology and the apocalypse,sci-fi and the apocalypse,2
music,moving relationship stories,2
moving relationship stories,action,2
intense combat and martial arts,crude humor and satire,2
kids' animated fun and adventure,and slapstick humor,2
kids' animated fun and adventure,gags,2
kids' animated fun and adventure,jokes,2
spooky,and slapstick humor,2
spooky,gags,2
spooky,jokes,2
scary comedy,and slapstick humor,2
scary comedy,gags,2
scary comedy,jokes,2
quirky and endearing relationships,and slapstick humor,2
quirky and endearing relationships,gags,2
quirky and endearing relationships,jokes,2
horror,imaginative space odysseys and alien encounters,2
horror,thought-provoking sci-fi action and future technology,2
crude humor and satire,epic heroes,2
gags,superheroes in action-packed battles with villains,2
jokes,superheroes in action-packed battles with villains,2
and slapstick humor,superheroes in action-packed battles with villains,2
drugs and gangsters,horror,2
charming romances and delightful chemistry,thriller,1
comedy,mystery,1
crude humor and satire,mystery,1
gags,mystery,1
jokes,mystery,1
and slapstick humor,mystery,1
funny jokes and crude humor,mystery,1
amusing jokes and witty satire,mystery,1
spooky,crime,1
spooky,mystery,1
scary comedy,crime,1
scary comedy,mystery,1
catchy songs and hilarious musical comedy,mystery,1
music,documentary,1
legendary musicians and stardom,documentary,1
emotional life of renowned artists,documentary,1
emotional lgbtq relationships,crude humor and satire,1
drama,action-packed space and alien sagas,1
drama,aliens,1
drama,monsters,1
drama,sci-fi and the apocalypse,1
chilling experiments and classic monster horror,action-packed space and alien sagas,1
chilling experiments and classic monster horror,aliens,1
chilling experiments and classic monster horror,monsters,1
chilling experiments and classic monster horror,sci-fi and the apocalypse,1
twisted dark psychological thriller,action-packed space and alien sagas,1
twisted dark psychological thriller,aliens,1
twisted dark psychological thriller,monsters,1
twisted dark psychological thriller,sci-fi and the apocalypse,1
twisted dark psychological thriller,science fiction,1
catchy songs and hilarious musical comedy,adventure,1
funny jokes and crude humor,adventure,1
gripping,moving relationship stories,1
intense violent crime,moving relationship stories,1
spooky,science fiction,1
scary comedy,science fiction,1
faith and spiritual journeys,horror,1
holiday joy and heartwarming christmas,moving relationship stories,1
kids' animated fun and adventure,moving relationship stories,1
politics and human rights,moving relationship stories,1
racism and the powerful fight for justice,moving relationship stories,1
tv movie,mystery,1
drama,mystery,1
amusing jokes and witty satire,laugh-out-loud relationship entanglements,1
crude humor and satire,touching and sentimental family stories,1
laugh-out-loud relationship entanglements,touching and sentimental family stories,1
gags,moving relationship stories,1
gags,touching and sentimental family stories,1
jokes,moving relationship stories,1
jokes,touching and sentimental family stories,1
and slapstick humor,moving relationship stories,1
and slapstick humor,touching and sentimental family stories,1
funny jokes and crude humor,touching and sentimental family stories,1
humanity and the world around us,thriller,1
amusing jokes and witty satire,science fiction,1
war and historical adventure,science fiction,1
military combat and heroic soldiers,science fiction,1
thriller,moving relationship stories,1
the undead and monster classics,moving relationship stories,1
thrillers and murder mysteries,moving relationship stories,1
twisted dark psychological thriller,moving relationship stories,1
gory,moving relationship stories,1
gruesome,moving relationship stories,1
and slasher horror,moving relationship stories,1
terrifying,moving relationship stories,1
haunted,moving relationship stories,1
and supernatural horror,moving relationship stories,1
gothic and eerie haunting horror,moving relationship stories,1
suspenseful crime thrillers,moving relationship stories,1
comedy,military combat and heroic soldiers,1
comedy,nazis and world war ii,1
comedy,war,1
comedy,war and historical adventure,1
adventure,military combat and heroic soldiers,1
adventure,nazis and world war ii,1
adventure,war,1
adventure,war and historical adventure,1
war,nazis and world war ii,1
war and historical adventure,nazis and world war ii,1
crude humor and satire,military combat and heroic soldiers,1
crude humor and satire,nazis and world war ii,1
crude humor and satire,war,1
crude humor and satire,war and historical adventure,1
military combat and heroic soldiers,nazis and world war ii,1
bravery in war,nazis and world war ii,1
nazis and world war ii,nazis and world war ii,1
amusing jokes and witty satire,military combat and heroic soldiers,1
amusing jokes and witty satire,nazis and world war ii,1
amusing jokes and witty satire,war,1
amusing jokes and witty satire,war and historical adventure,1
gags,military combat and heroic soldiers,1
gags,nazis and world war ii,1
gags,war,1
gags,war and historical adventure,1
jokes,military combat and heroic soldiers,1
jokes,nazis and world war ii,1
jokes,war,1
jokes,war and historical adventure,1
and slapstick humor,military combat and heroic soldiers,1
and slapstick humor,nazis and world war ii,1
and slapstick humor,war,1
and slapstick humor,war and historical adventure,1
racism and the powerful fight for justice,crime,1
action,the undead and monster classics,1
catchy songs and hilarious musical comedy,fantasy,1
laugh-out-loud relationship entanglements,fantasy,1
charming romances and delightful chemistry,fantasy,1
drama,high speed and special ops,1
politics and human rights,high speed and special ops,1
war and historical adventure,high speed and special ops,1
military combat and heroic soldiers,high speed and special ops,1
politics,high speed and special ops,1
propaganda,high speed and special ops,1
and political documentaries,high speed and special ops,1
intense political and terrorist thrillers,horror,1
intense political and terrorist thrillers,the undead and monster classics,1
dangerous technology and the apocalypse,adventure,1
dangerous technology and the apocalypse,epic heroes,1
dangerous technology and the apocalypse,superheroes in action-packed battles with villains,1
catchy songs and hilarious musical comedy,thriller,1
amusing jokes and witty satire,thriller,1
music,action,1
music,epic heroes,1
dance rhythms and catchy tunes,action,1
dance rhythms and catchy tunes,epic heroes,1
mystery,underdogs and coming of age,1
powerful stories of heartbreak and suffering,underdogs and coming of age,1
heartbreaking and moving family drama,underdogs and coming of age,1
enduring stories of family and marital drama,underdogs and coming of age,1
science fiction,moving relationship stories,1
monsters,moving relationship stories,1
aliens,moving relationship stories,1
sci-fi and the apocalypse,moving relationship stories,1
thought-provoking sci-fi action and future technology,moving relationship stories,1
emotional and captivating fantasy storytelling,romance,1
humanity's odyssey: earth and beyond,moving relationship stories,1
humanity's odyssey: earth and beyond,romance,1
animation,kids' animated fun and adventure,1
superheroes in action-packed battles with villains,family,1
superheroes in action-packed battles with villains,kids' animated fun and adventure,1
holiday joy and heartwarming christmas,animation,1
challenging or sexual themes & twists,moving relationship stories,1
animation,thriller,1
drama,laugh-out-loud relationship entanglements,1
teen school antics and laughter,laugh-out-loud relationship entanglements,1
drugs and gangsters,twisted dark psychological thriller,1
dreamlike,science fiction,1
quirky,science fiction,1
and surreal storytelling,science fiction,1
brutal,drugs and gangsters,1
violent prison drama,drugs and gangsters,1
catchy songs and hilarious musical comedy,underdogs and coming of age,1
holiday joy and heartwarming christmas,action,1
war and historical adventure,comedy,1
crime,moving relationship stories,1
music,crude humor and satire,1
mystery,and terrifying horror,1
mystery,chilling,1
mystery,creepy,1
crime,amusing jokes and witty satire,1
crime,funny jokes and crude humor,1
catchy songs and hilarious musical comedy,amusing jokes and witty satire,1
crime,intriguing and suspenseful murder mysteries,1
crime,suspenseful crime thrillers,1
horror,suspenseful crime thrillers,1
thriller,intriguing and suspenseful murder mysteries,1
thriller,suspenseful crime thrillers,1
intense violence and sexual transgression,intriguing and suspenseful murder mysteries,1
intense violence and sexual transgression,suspenseful crime thrillers,1
thrillers and murder mysteries,suspenseful crime thrillers,1
suspenseful crime thrillers,suspenseful crime thrillers,1
intriguing and suspenseful murder mysteries,suspenseful crime thrillers,1
graphic violence and brutal revenge,suspenseful crime thrillers,1
noir and dark crime dramas,intriguing and suspenseful murder mysteries,1
noir and dark crime dramas,mystery,1
noir and dark crime dramas,suspenseful crime thrillers,1
twisted dark psychological thriller,suspenseful crime thrillers,1
faith and religion,mystery,1
faith and spiritual journeys,mystery,1
crime,science fiction,1
suspenseful crime thrillers,science fiction,1
epic history and literature,family,1
war and historical adventure,family,1
intense combat and martial arts,family,1
fantasy adventure,family,1
heroism,family,1
and swordplay,family,1
historical battles and epic heroism,family,1
tragic sadness and captivating beauty,family,1
intense violence and sexual transgression,science fiction,1
imaginative space odysseys and alien encounters,the undead and monster classics,1
dazzling vocal performances and musicals,fantasy,1
drama,thrillers and murder mysteries,1
underdogs and coming of age,thrillers and murder mysteries,1
animation,crime,1
comedy,music,1
thriller,music,1
song and dance,music,1
dazzling vocal performances and musicals,music,1
touching and sentimental family stories,adventure,1
emotional lgbtq relationships,adventure,1
intense violence and sexual transgression,romance,1
drugs and gangsters,romance,1
gritty crime and ruthless gangsters,romance,1
violent crime and drugs,romance,1
engaging,romance,1
intense crime and casino drama,romance,1
violent action,romance,1
guns,romance,1
and crime,romance,1
religious faith,romance,1
sin,romance,1
and forgiveness,romance,1
underdog fighting and boxing stories,comedy,1
intense violence and sexual transgression,fantasy,1
challenging or sexual themes & twists,fantasy,1
lavish dramas and sumptuous royalty,fantasy,1
dreamlike,fantasy,1
quirky,fantasy,1
and surreal storytelling,fantasy,1
nazis and world war ii,thriller,1
inspiring sports underdog stories,action,1
fantasy,and slasher horror,1
fantasy,gory,1
fantasy,gruesome,1
captivating vision and shakespearean drama,fantasy,1
bloody vampire horror,gothic and eerie haunting horror,1
fairy-tale fantasy and enchanted magic,romance,1
adorable animals and heartwarming families,romance,1
kids' animated fun and adventure,romance,1
air pilot heroism and survival,science fiction,1
adorable animals and heartwarming families,crude humor and satire,1
creepy,action,1
chilling,action,1
and terrifying horror,action,1
terrifying,action,1
haunted,action,1
and supernatural horror,action,1
tv movie,family,1
science fiction,family,1
music,family,1
action comedy and silly heroics,family,1
gags,family,1
jokes,family,1
and slapstick humor,family,1
funny jokes and crude humor,science fiction,1
emotional and touching family dramas,animation,1
touching and sentimental family stories,animation,1
monsters,superheroes in action-packed battles with villains,1
aliens,superheroes in action-packed battles with villains,1
sci-fi and the apocalypse,superheroes in action-packed battles with villains,1
sci-fi monster and dinosaur adventures,superheroes in action-packed battles with villains,1
action-packed space and alien sagas,superheroes in action-packed battles with villains,1
thought-provoking sci-fi action and future technology,superheroes in action-packed battles with villains,1
thriller,and terrifying horror,1
thriller,chilling,1
thriller,creepy,1
intense violence and sexual transgression,and terrifying horror,1
intense violence and sexual transgression,chilling,1
intense violence and sexual transgression,creepy,1
sci-fi horror,and terrifying horror,1
sci-fi horror,chilling,1
sci-fi horror,creepy,1
creatures,and terrifying horror,1
creatures,chilling,1
creatures,creepy,1
and aliens,and terrifying horror,1
and aliens,chilling,1
and aliens,creepy,1
politics and human rights,crime,1
exciting spy thrillers with tense intrigue,crime,1
riveting political and presidential drama,crime,1
politics,comedy,1
propaganda,comedy,1
and political documentaries,comedy,1
racism and the powerful fight for justice,comedy,1
epic adventure and breathtaking battles,thriller,1
animation,holiday joy and heartwarming christmas,1
crude humor and satire,family,1
laugh-out-loud relationship entanglements,family,1
laugh-out-loud relationship entanglements,holiday joy and heartwarming christmas,1
gothic and eerie haunting horror,romance,1
spooky,action,1
scary comedy,action,1
fascinating,moving relationship stories,1
emotional stories and documentaries,moving relationship stories,1
romance,horror,1
relationship comedy,horror,1
charming romances and delightful chemistry,horror,1
action,military combat and heroic soldiers,1
action,war and historical adventure,1
thriller,gothic and eerie haunting horror,1
thriller,intense violence and sexual transgression,1
mystery,gothic and eerie haunting horror,1
mystery,intense violence and sexual transgression,1
intense violence and sexual transgression,gothic and eerie haunting horror,1
intense violence and sexual transgression,intense violence and sexual transgression,1
creepy,mystery,1
chilling,mystery,1
and terrifying horror,mystery,1
history,horror,1
action,action-packed space and alien sagas,1
thriller,action-packed space and alien sagas,1
fantasy,action-packed space and alien sagas,1
epic heroes,action-packed space and alien sagas,1
intense combat and martial arts,action-packed space and alien sagas,1
intense combat and martial arts,aliens,1
intense combat and martial arts,monsters,1
intense combat and martial arts,sci-fi and the apocalypse,1
superheroes in action-packed battles with villains,action-packed space and alien sagas,1
sci-fi monster and dinosaur adventures,action-packed space and alien sagas,1
student coming-of-age challenges,thriller,1
challenging or sexual themes & twists,and slasher horror,1
challenging or sexual themes & twists,gory,1
challenging or sexual themes & twists,gruesome,1
science fiction,and slasher horror,1
science fiction,gory,1
science fiction,gruesome,1
monsters,and slasher horror,1
monsters,gory,1
monsters,gruesome,1
aliens,and slasher horror,1
aliens,gory,1
aliens,gruesome,1
sci-fi and the apocalypse,and slasher horror,1
sci-fi and the apocalypse,gory,1
sci-fi and the apocalypse,gruesome,1
crude humor and satire,and slasher horror,1
crude humor and satire,gory,1
crude humor and satire,gruesome,1
survival horror and zombie carnage,science fiction,1
teen school antics and laughter,and slasher horror,1
teen school antics and laughter,gory,1
teen school antics and laughter,gruesome,1
teen school antics and laughter,science fiction,1
teen school antics and laughter,the undead and monster classics,1
action comedy and silly heroics,and slasher horror,1
action comedy and silly heroics,gory,1
action comedy and silly heroics,gruesome,1
bollywood emotional dramas,moving relationship stories,1
thriller,and slapstick humor,1
thriller,gags,1
thriller,jokes,1
high speed and special ops,and slapstick humor,1
high speed and special ops,gags,1
high speed and special ops,jokes,1
explosive and action-packed heroes vs. villains,and slapstick humor,1
explosive and action-packed heroes vs. villains,gags,1
explosive and action-packed heroes vs. villains,jokes,1
violent action,and slapstick humor,1
violent action,crude humor and satire,1
violent action,gags,1
violent action,jokes,1
guns,and slapstick humor,1
guns,crude humor and satire,1
guns,gags,1
guns,jokes,1
and crime,and slapstick humor,1
and crime,crude humor and satire,1
and crime,gags,1
and crime,jokes,1
heists and thrilling action,and slapstick humor,1
heists and thrilling action,gags,1
heists and thrilling action,jokes,1
adrenaline-fueled action and fast cars,and slapstick humor,1
adrenaline-fueled action and fast cars,gags,1
adrenaline-fueled action and fast cars,jokes,1
action,fantasy,1
faith and religion,fantasy,1
epic history and literature,fantasy,1
the undead and monster classics,fantasy,1
historical battles and epic heroism,fantasy,1
terrifying,fantasy,1
haunted,fantasy,1
and supernatural horror,fantasy,1
graphic violence and brutal revenge,and slasher horror,1
graphic violence and brutal revenge,gory,1
graphic violence and brutal revenge,gruesome,1
quirky and endearing relationships,underdogs and coming of age,1
crude humor and satire,fantasy,1
gags,fantasy,1
jokes,fantasy,1
and slapstick humor,fantasy,1
fantasy adventure,horror,1
heroism,horror,1
and swordplay,horror,1
historical battles and epic heroism,horror,1
mystery,action-packed space and alien sagas,1
mystery,aliens,1
mystery,monsters,1
mystery,sci-fi and the apocalypse,1
thought-provoking sci-fi action and future technology,action-packed space and alien sagas,1
humanity's odyssey: earth and beyond,action-packed space and alien sagas,1
humanity's odyssey: earth and beyond,aliens,1
humanity's odyssey: earth and beyond,monsters,1
humanity's odyssey: earth and beyond,sci-fi and the apocalypse,1
action,amusing jokes and witty satire,1
action,funny jokes and crude humor,1
science fiction,amusing jokes and witty satire,1
science fiction,and slapstick humor,1
science fiction,funny jokes and crude humor,1
science fiction,gags,1
science fiction,jokes,1
monsters,amusing jokes and witty satire,1
monsters,and slapstick humor,1
monsters,crude humor and satire,1
monsters,funny jokes and crude humor,1
monsters,gags,1
monsters,jokes,1
aliens,amusing jokes and witty satire,1
aliens,and slapstick humor,1
aliens,crude humor and satire,1
aliens,funny jokes and crude humor,1
aliens,gags,1
aliens,jokes,1
sci-fi and the apocalypse,amusing jokes and witty satire,1
sci-fi and the apocalypse,and slapstick humor,1
sci-fi and the apocalypse,crude humor and satire,1
sci-fi and the apocalypse,funny jokes and crude humor,1
sci-fi and the apocalypse,gags,1
sci-fi and the apocalypse,jokes,1
teen school antics and laughter,amusing jokes and witty satire,1
teen school antics and laughter,and slapstick humor,1
teen school antics and laughter,funny jokes and crude humor,1
teen school antics and laughter,gags,1
teen school antics and laughter,jokes,1
drama,superheroes in action-packed battles with villains,1
mystery,adventure,1
mystery,epic heroes,1
mystery,superheroes in action-packed battles with villains,1
high speed and special ops,superheroes in action-packed battles with villains,1
disastrous voyages and heroic survival,epic heroes,1
disastrous voyages and heroic survival,superheroes in action-packed battles with villains,1
adrenaline-fueled action and fast cars,superheroes in action-packed battles with villains,1
fantasy adventure,superheroes in action-packed battles with villains,1
heroism,superheroes in action-packed battles with villains,1
and swordplay,superheroes in action-packed battles with villains,1
mystery,fantasy,1
intriguing and suspenseful murder mysteries,crude humor and satire,1
suspenseful crime thrillers,crude humor and satire,1
tv movie,romance,1
thriller,superheroes in action-packed battles with villains,1
drugs and gangsters,superheroes in action-packed battles with villains,1
gritty crime and ruthless gangsters,superheroes in action-packed battles with villains,1
chilling experiments and classic monster horror,epic heroes,1
chilling experiments and classic monster horror,superheroes in action-packed battles with villains,1
graphic violence and brutal revenge,epic heroes,1
graphic violence and brutal revenge,superheroes in action-packed battles with villains,1
crime,the undead and monster classics,1
drama,and supernatural horror,1
drama,haunted,1
drama,terrifying,1
comedy,powerful stories of heartbreak and suffering,1
quirky and endearing relationships,powerful stories of heartbreak and suffering,1
charming romances and delightful chemistry,powerful stories of heartbreak and suffering,1
charming romances and delightful chemistry,touching and sentimental family stories,1
tv movie,adventure,1
faith and religion,thriller,1
drama,humanity and the world around us,1
moving relationship stories,humanity and the world around us,1
humanity and the world around us,humanity and the world around us,1
humanity and the world around us,powerful stories of heartbreak and suffering,1
humanity and the world around us,touching and sentimental family stories,1
powerful stories of heartbreak and suffering,humanity and the world around us,1
powerful poetic and passionate drama,humanity and the world around us,1
powerful poetic and passionate drama,powerful stories of heartbreak and suffering,1
powerful poetic and passionate drama,touching and sentimental family stories,1
surreal and thought-provoking visions of life and death,humanity and the world around us,1
surreal and thought-provoking visions of life and death,powerful stories of heartbreak and suffering,1
surreal and thought-provoking visions of life and death,touching and sentimental family stories,1
heartbreaking and moving family drama,humanity and the world around us,1
touching and sentimental family stories,humanity and the world around us,1
dreamlike,moving relationship stories,1
quirky,moving relationship stories,1
and surreal storytelling,moving relationship stories,1
gory,action,1
gruesome,action,1
and slasher horror,action,1
epic adventure and breathtaking battles,science fiction,1
fairy-tale fantasy and enchanted magic,science fiction,1
moving relationship stories,epic heroes,1
surreal and thought-provoking visions of life and death,crime,1
adventure,explosive and action-packed heroes vs. villains,1
adventure,high speed and special ops,1
exciting spy thrillers with tense intrigue,explosive and action-packed heroes vs. villains,1
intense political and terrorist thrillers,epic heroes,1
intense political and terrorist thrillers,explosive and action-packed heroes vs. villains,1
humanity and the world around us,horror,1
fantasy,and terrifying horror,1
fantasy,chilling,1
fantasy,creepy,1
animation,and terrifying horror,1
animation,chilling,1
animation,creepy,1
animation,the undead and monster classics,1
epic heroes,and terrifying horror,1
epic heroes,chilling,1
epic heroes,creepy,1
epic heroes,the undead and monster classics,1
history,romance,1
epic history and literature,romance,1
epic heroes,romance,1
historical battles and epic heroism,romance,1
crime,adventure,1
drugs and gangsters,adventure,1
dreamlike,adventure,1
quirky,adventure,1
and surreal storytelling,adventure,1
emotional and touching family dramas,family,1
relationship comedy,twisted dark psychological thriller,1
teen school antics and laughter,twisted dark psychological thriller,1
romance,military combat and heroic soldiers,1
romance,war,1
romance,war and historical adventure,1
moving relationship stories,military combat and heroic soldiers,1
moving relationship stories,war,1
moving relationship stories,war and historical adventure,1
powerful stories of heartbreak and suffering,military combat and heroic soldiers,1
powerful stories of heartbreak and suffering,war,1
powerful stories of heartbreak and suffering,war and historical adventure,1
touching and sentimental family stories,military combat and heroic soldiers,1
touching and sentimental family stories,war,1
touching and sentimental family stories,war and historical adventure,1
thriller,and crime,1
thriller,guns,1
thriller,violent action,1
action,and crime,1
action,guns,1
action,violent action,1
high speed and special ops,and crime,1
high speed and special ops,guns,1
high speed and special ops,violent action,1
drugs and gangsters,and crime,1
drugs and gangsters,explosive and action-packed heroes vs. villains,1
drugs and gangsters,guns,1
drugs and gangsters,high speed and special ops,1
drugs and gangsters,violent action,1
epic heroes,and crime,1
epic heroes,guns,1
epic heroes,violent action,1
violent action,and crime,1
violent action,guns,1
violent action,violent action,1
guns,and crime,1
guns,guns,1
guns,violent action,1
and crime,and crime,1
and crime,guns,1
and crime,violent action,1
gritty crime and ruthless gangsters,and crime,1
gritty crime and ruthless gangsters,explosive and action-packed heroes vs. villains,1
gritty crime and ruthless gangsters,guns,1
gritty crime and ruthless gangsters,high speed and special ops,1
gritty crime and ruthless gangsters,violent action,1
explosive and action-packed heroes vs. villains,and crime,1
explosive and action-packed heroes vs. villains,guns,1
explosive and action-packed heroes vs. villains,violent action,1
intense combat and martial arts,and crime,1
intense combat and martial arts,guns,1
intense combat and martial arts,high speed and special ops,1
intense combat and martial arts,violent action,1
adrenaline-fueled action and fast cars,and crime,1
adrenaline-fueled action and fast cars,guns,1
adrenaline-fueled action and fast cars,violent action,1
noir and dark crime dramas,and supernatural horror,1
noir and dark crime dramas,haunted,1
noir and dark crime dramas,terrifying,1
noir and dark crime dramas,the undead and monster classics,1
tv movie,thriller,1
thriller,adventure,1
sci-fi horror,crime,1
creatures,crime,1
and aliens,crime,1
bloody vampire horror,crime,1
religious faith,horror,1
sin,horror,1
and forgiveness,horror,1
song and dance,adventure,1
romance,relationship comedy,1
comedy,relationship comedy,1
song and dance,relationship comedy,1
crude humor and satire,relationship comedy,1
relationship comedy,relationship comedy,1
catchy songs and hilarious musical comedy,relationship comedy,1
dazzling vocal performances and musicals,relationship comedy,1
charming romances and delightful chemistry,relationship comedy,1
laugh-out-loud relationship entanglements,relationship comedy,1
gags,relationship comedy,1
jokes,relationship comedy,1
and slapstick humor,relationship comedy,1
drama,explosive and action-packed heroes vs. villains,1
twisted dark psychological thriller,epic heroes,1
twisted dark psychological thriller,explosive and action-packed heroes vs. villains,1
survival horror and zombie carnage,gothic and eerie haunting horror,1
laugh-out-loud relationship entanglements,thriller,1
enduring stories of family and marital drama,powerful stories of heartbreak and suffering,1
powerful poetic and passionate drama,crime,1
powerful poetic and passionate drama,thriller,1
romance,science fiction,1
underdogs and coming of age,science fiction,1
touching and sentimental family stories,science fiction,1
emotional and touching family dramas,science fiction,1
emotional teen coming-of-age stories,science fiction,1
mystery,moving relationship stories,1
moving relationship stories,family,1
action,drugs and gangsters,1
heists and thrilling action,drugs and gangsters,1
adrenaline-fueled action and fast cars,drugs and gangsters,1
action-packed space and alien sagas,epic heroes,1
romance,crime,1
romance,thrillers and murder mysteries,1
enduring stories of family and marital drama,crime,1
enduring stories of family and marital drama,thrillers and murder mysteries,1
teen school antics and laughter,crime,1
kids' animated fun and adventure,horror,1
moving relationship stories,thriller,1
epic history and literature,comedy,1
wild west outlaws and gunfights,comedy,1
political drama,action,1
patriotism,action,1
and war,action,1
epic history and literature,adventure,1
twisted dark psychological thriller,and terrifying horror,1
twisted dark psychological thriller,chilling,1
twisted dark psychological thriller,creepy,1
action-packed space and alien sagas,animation,1
moving relationship stories,science fiction,1
powerful stories of heartbreak and suffering,science fiction,1
emotional teen coming-of-age stories,horror,1
powerful stories of heartbreak and suffering,horror,1
violent action,horror,1
guns,horror,1
and crime,horror,1
gripping,twisted dark psychological thriller,1
intense violent crime,twisted dark psychological thriller,1
enduring stories of family and marital drama,thriller,1
enduring stories of family and marital drama,twisted dark psychological thriller,1
music,crime,1
emotional life of renowned artists,crime,1
tv movie,music,1
documentary,music,1
bollywood emotional dramas,comedy,1
relationship comedy,crime,1
drugs and gangsters,crude humor and satire,1
crude humor and satire,and supernatural horror,1
crude humor and satire,haunted,1
crude humor and satire,terrifying,1
spooky,and supernatural horror,1
spooky,haunted,1
spooky,terrifying,1
scary comedy,and supernatural horror,1
scary comedy,haunted,1
scary comedy,terrifying,1
moving relationship stories,laugh-out-loud relationship entanglements,1
war,crime,1
military combat and heroic soldiers,crime,1
war,epic heroes,1
war and historical adventure,epic heroes,1
military combat and heroic soldiers,epic heroes,1
bravery in war,epic heroes,1
intriguing and suspenseful murder mysteries,action,1
superheroes in action-packed battles with villains,crude humor and satire,1
exciting spy thrillers with tense intrigue,crude humor and satire,1
thought-provoking sci-fi action and future technology,epic heroes,1
suspenseful crime thrillers,and slasher horror,1
suspenseful crime thrillers,gory,1
suspenseful crime thrillers,gruesome,1
suspenseful crime thrillers,the undead and monster classics,1
horror,epic heroes,1
horror,superheroes in action-packed battles with villains,1
survival horror and zombie carnage,epic heroes,1
survival horror and zombie carnage,superheroes in action-packed battles with villains,1
sci-fi horror,epic heroes,1
creatures,epic heroes,1
and aliens,epic heroes,1
surreal and thought-provoking visions of life and death,adventure,1
faith and religion,comedy,1
humanity's odyssey: earth and beyond,comedy,1
captivating relationships and charming romance,documentary,1
surreal and thought-provoking visions of life and death,documentary,1
charming romances and delightful chemistry,documentary,1
emotional and captivating fantasy storytelling,documentary,1
dazzling vocal performances and musicals,moving relationship stories,1
action,sci-fi monster and dinosaur adventures,1
thriller,sci-fi monster and dinosaur adventures,1
science fiction,sci-fi monster and dinosaur adventures,1
fantasy,sci-fi monster and dinosaur adventures,1
monsters,sci-fi monster and dinosaur adventures,1
aliens,sci-fi monster and dinosaur adventures,1
sci-fi and the apocalypse,sci-fi monster and dinosaur adventures,1
epic heroes,sci-fi monster and dinosaur adventures,1
sci-fi monster and dinosaur adventures,sci-fi monster and dinosaur adventures,1
dangerous technology and the apocalypse,sci-fi monster and dinosaur adventures,1
superheroes in action-packed battles with villains,sci-fi monster and dinosaur adventures,1
imaginative space odysseys and alien encounters,sci-fi monster and dinosaur adventures,1
action-packed space and alien sagas,sci-fi monster and dinosaur adventures,1
action-packed space and alien sagas,horror,1
underdogs and coming of age,adventure,1
student coming-of-age challenges,adventure,1
emotional teen coming-of-age stories,adventure,1
romance,thriller,1
emotional life of renowned artists,moving relationship stories,1
crime,animation,1
epic history and literature,action,1
adorable animals and heartwarming families,science fiction,1
music,the undead and monster classics,1
song and dance,horror,1
song and dance,the undead and monster classics,1
dazzling vocal performances and musicals,horror,1
dazzling vocal performances and musicals,the undead and monster classics,1
dreamlike,the undead and monster classics,1
quirky,the undead and monster classics,1
and surreal storytelling,the undead and monster classics,1
catchy songs and hilarious musical comedy,horror,1
catchy songs and hilarious musical comedy,the undead and monster classics,1
sci-fi horror,twisted dark psychological thriller,1
creatures,twisted dark psychological thriller,1
and aliens,twisted dark psychological thriller,1
underdogs and coming of age,action,1
quirky and endearing relationships,action,1
terrifying,romance,1
haunted,romance,1
and supernatural horror,romance,1
creepy,romance,1
chilling,romance,1
and terrifying horror,romance,1
gory,romance,1
gruesome,romance,1
and slasher horror,romance,1
drama,captivating relationships and charming romance,1
drama,charming romances and delightful chemistry,1
romance,captivating relationships and charming romance,1
romance,charming romances and delightful chemistry,1
romance,powerful stories of heartbreak and suffering,1
moving relationship stories,captivating relationships and charming romance,1
moving relationship stories,charming romances and delightful chemistry,1
touching and sentimental family stories,captivating relationships and charming romance,1
touching and sentimental family stories,charming romances and delightful chemistry,1
captivating relationships and charming romance,captivating relationships and charming romance,1
captivating relationships and charming romance,charming romances and delightful chemistry,1
captivating relationships and charming romance,powerful stories of heartbreak and suffering,1
captivating relationships and charming romance,touching and sentimental family stories,1
tragic sadness and captivating beauty,captivating relationships and charming romance,1
tragic sadness and captivating beauty,charming romances and delightful chemistry,1
powerful stories of heartbreak and suffering,captivating relationships and charming romance,1
powerful stories of heartbreak and suffering,charming romances and delightful chemistry,1
emotional and touching family dramas,captivating relationships and charming romance,1
emotional and touching family dramas,charming romances and delightful chemistry,1
sci-fi monster and dinosaur adventures,adventure,1
adventure,and slapstick humor,1
adventure,gags,1
adventure,jokes,1
western,and slapstick humor,1
western,crude humor and satire,1
western,gags,1
western,jokes,1
westerns,and slapstick humor,1
westerns,crude humor and satire,1
westerns,gags,1
westerns,jokes,1
intense combat and martial arts,and slapstick humor,1
intense combat and martial arts,gags,1
intense combat and martial arts,jokes,1
mystery,and slapstick humor,1
mystery,crude humor and satire,1
mystery,gags,1
mystery,jokes,1
spooky,thriller,1
scary comedy,thriller,1
gags,twisted dark psychological thriller,1
jokes,twisted dark psychological thriller,1
and slapstick humor,twisted dark psychological thriller,1
adrenaline-fueled action and fast cars,documentary,1
emotional and touching family dramas,documentary,1
touching and sentimental family stories,documentary,1
underdog fighting and boxing stories,documentary,1
disastrous voyages and heroic survival,comedy,1
student coming-of-age challenges,romance,1
science fiction,imaginative space odysseys and alien encounters,1
science fiction,thought-provoking sci-fi action and future technology,1
adventure,imaginative space odysseys and alien encounters,1
adventure,thought-provoking sci-fi action and future technology,1
monsters,imaginative space odysseys and alien encounters,1
monsters,thought-provoking sci-fi action and future technology,1
aliens,imaginative space odysseys and alien encounters,1
aliens,thought-provoking sci-fi action and future technology,1
sci-fi and the apocalypse,imaginative space odysseys and alien encounters,1
sci-fi and the apocalypse,thought-provoking sci-fi action and future technology,1
the undead and monster classics,imaginative space odysseys and alien encounters,1
the undead and monster classics,thought-provoking sci-fi action and future technology,1
sci-fi horror,imaginative space odysseys and alien encounters,1
sci-fi horror,thought-provoking sci-fi action and future technology,1
creatures,imaginative space odysseys and alien encounters,1
creatures,thought-provoking sci-fi action and future technology,1
and aliens,imaginative space odysseys and alien encounters,1
and aliens,thought-provoking sci-fi action and future technology,1
gothic and eerie haunting horror,action-packed space and alien sagas,1
gothic and eerie haunting horror,aliens,1
gothic and eerie haunting horror,imaginative space odysseys and alien encounters,1
gothic and eerie haunting horror,monsters,1
gothic and eerie haunting horror,sci-fi and the apocalypse,1
gothic and eerie haunting horror,thought-provoking sci-fi action and future technology,1
action-packed space and alien sagas,imaginative space odysseys and alien encounters,1
action-packed space and alien sagas,thought-provoking sci-fi action and future technology,1
terrifying,imaginative space odysseys and alien encounters,1
terrifying,thought-provoking sci-fi action and future technology,1
haunted,imaginative space odysseys and alien encounters,1
haunted,thought-provoking sci-fi action and future technology,1
and supernatural horror,imaginative space odysseys and alien encounters,1
and supernatural horror,thought-provoking sci-fi action and future technology,1
creepy,action-packed space and alien sagas,1
creepy,aliens,1
creepy,imaginative space odysseys and alien encounters,1
creepy,monsters,1
creepy,sci-fi and the apocalypse,1
creepy,thought-provoking sci-fi action and future technology,1
chilling,action-packed space and alien sagas,1
chilling,aliens,1
chilling,imaginative space odysseys and alien encounters,1
chilling,monsters,1
chilling,sci-fi and the apocalypse,1
chilling,thought-provoking sci-fi action and future technology,1
and terrifying horror,action-packed space and alien sagas,1
and terrifying horror,aliens,1
and terrifying horror,imaginative space odysseys and alien encounters,1
and terrifying horror,monsters,1
and terrifying horror,sci-fi and the apocalypse,1
and terrifying horror,thought-provoking sci-fi action and future technology,1
nazis and world war ii,comedy,1
humanity and the world around us,action,1
tv movie,fantasy,1
fantasy,superheroes in action-packed battles with villains,1
crude humor and satire,superheroes in action-packed battles with villains,1
funny jokes and crude humor,epic heroes,1
funny jokes and crude humor,superheroes in action-packed battles with villains,1
catchy songs and hilarious musical comedy,epic heroes,1
catchy songs and hilarious musical comedy,superheroes in action-packed battles with villains,1
history,military combat and heroic soldiers,1
history,war and historical adventure,1
politics and human rights,military combat and heroic soldiers,1
politics and human rights,war,1
politics and human rights,war and historical adventure,1
riveting political and presidential drama,military combat and heroic soldiers,1
riveting political and presidential drama,war,1
riveting political and presidential drama,war and historical adventure,1
touching and sentimental family stories,laugh-out-loud relationship entanglements,1
faith and religion,crime,1
sci-fi monster and dinosaur adventures,comedy,1
mystery,intriguing and suspenseful murder mysteries,1
gory,intriguing and suspenseful murder mysteries,1
gory,thrillers and murder mysteries,1
gruesome,intriguing and suspenseful murder mysteries,1
gruesome,thrillers and murder mysteries,1
and slasher horror,intriguing and suspenseful murder mysteries,1
and slasher horror,thrillers and murder mysteries,1
touching and sentimental family stories,family,1
touching and sentimental family stories,fantasy,1
touching and sentimental family stories,holiday joy and heartwarming christmas,1
touching and sentimental family stories,kids' animated fun and adventure,1
documentary,action,1
music,touching and sentimental family stories,1
animation,music,1
family,music,1
kids' animated fun and adventure,music,1
fairy-tale fantasy and enchanted magic,music,1
drama,and slapstick humor,1
drama,funny jokes and crude humor,1
drama,gags,1
drama,jokes,1
moving relationship stories,and slapstick humor,1
moving relationship stories,funny jokes and crude humor,1
moving relationship stories,gags,1
moving relationship stories,jokes,1
quirky and endearing relationships,funny jokes and crude humor,1
spooky,funny jokes and crude humor,1
scary comedy,funny jokes and crude humor,1
high speed and special ops,aliens,1
high speed and special ops,monsters,1
high speed and special ops,sci-fi and the apocalypse,1
gripping,horror,1
intense violent crime,horror,1
drama,student coming-of-age challenges,1
moving relationship stories,student coming-of-age challenges,1
student coming-of-age challenges,student coming-of-age challenges,1
emotional and touching family dramas,student coming-of-age challenges,1
captivating relationships and charming romance,student coming-of-age challenges,1
captivating relationships and charming romance,underdogs and coming of age,1
touching and sentimental family stories,student coming-of-age challenges,1
emotional life of renowned artists,student coming-of-age challenges,1
emotional life of renowned artists,underdogs and coming of age,1
amusing jokes and witty satire,documentary,1
western,crime,1
captivating vision and shakespearean drama,comedy,1
captivating relationships and charming romance,thriller,1
