{
  "n_train": 8039,
  "n_test": 2010,
  "hamming_loss": 0.10958366064414768,
  "precision_micro": 0.7501394311210262,
  "recall_micro": 0.264659582841401,
  "f1_micro": 0.39127272727272727,
  "avg_k": 2,
  "precision_at_k": 0.5875621890547263
}