true,pred,count
drama,drama,850
comedy,drama,407
moving relationship stories,drama,334
horror,drama,315
romance,drama,313
comedy,comedy,271
thriller,drama,256
crime,drama,228
touching and sentimental family stories,drama,215
powerful stories of heartbreak and suffering,drama,212
crude humor and satire,drama,206
humanity and the world around us,drama,202
intense violence and sexual transgression,drama,174
laugh-out-loud relationship entanglements,drama,170
crude humor and satire,comedy,169
horror,horror,162
twisted dark psychological thriller,drama,156
relationship comedy,drama,154
gags,drama,151
jokes,drama,151
and slapstick humor,drama,151
emotional and touching family dramas,drama,149
drama,comedy,145
the undead and monster classics,drama,142
gags,comedy,139
jokes,comedy,139
and slapstick humor,comedy,139
quirky and endearing relationships,drama,137
heartbreaking and moving family drama,drama,136
action,drama,131
adventure,drama,131
terrifying,drama,129
haunted,drama,129
and supernatural horror,drama,129
captivating relationships and charming romance,drama,128
fantasy,drama,125
surreal and thought-provoking visions of life and death,drama,122
laugh-out-loud relationship entanglements,comedy,121
funny jokes and crude humor,drama,119
charming romances and delightful chemistry,drama,118
funny jokes and crude humor,comedy,110
passion and romance,drama,105
emotional teen coming-of-age stories,drama,104
mystery,drama,103
romance,comedy,103
science fiction,drama,99
relationship comedy,comedy,98
amusing jokes and witty satire,drama,97
action,action,97
gothic and eerie haunting horror,drama,96
gory,drama,95
gruesome,drama,95
and slasher horror,drama,95
creepy,drama,93
chilling,drama,93
and terrifying horror,drama,93
enduring stories of family and marital drama,drama,92
thriller,thriller,92
dreamlike,drama,88
quirky,drama,88
and surreal storytelling,drama,88
crime,crime,88
history,drama,85
quirky and endearing relationships,comedy,82
powerful poetic and passionate drama,drama,79
animation,drama,79
catchy songs and hilarious musical comedy,comedy,77
family,comedy,76
underdogs and coming of age,drama,74
drugs and gangsters,drama,73
crime,thriller,73
the undead and monster classics,horror,72
challenging or sexual themes & twists,drama,71
amusing jokes and witty satire,comedy,71
terrifying,horror,71
haunted,horror,71
and supernatural horror,horror,71
epic heroes,drama,71
romance,romance,70
moving relationship stories,comedy,69
epic heroes,action,68
erotic relationships and desire,drama,65
kids' animated fun and adventure,comedy,65
gripping,drama,65
intense violent crime,drama,65
family,drama,64
catchy songs and hilarious musical comedy,drama,63
politics and human rights,drama,63
thrillers and murder mysteries,drama,62
emotional and captivating fantasy storytelling,drama,62
drama,romance,62
adventure,comedy,61
gory,horror,61
gruesome,horror,61
and slasher horror,horror,61
suspenseful crime thrillers,drama,60
teen school antics and laughter,comedy,60
horror,thriller,60
superheroes in action-packed battles with villains,drama,60
superheroes in action-packed battles with villains,action,57
music,drama,57
animation,comedy,57
creepy,horror,57
chilling,horror,57
and terrifying horror,horror,57
violent action,drama,56
guns,drama,56
and crime,drama,56
documentary,drama,55
intense political and terrorist thrillers,drama,54
violent crime and drugs,drama,54
charming romances and delightful chemistry,comedy,54
thriller,action,54
action,thriller,54
student coming-of-age challenges,drama,53
teen school antics and laughter,drama,53
underdogs and coming of age,comedy,52
high speed and special ops,action,52
touching and sentimental family stories,comedy,52
drama,moving relationship stories,51
emotional lgbtq relationships,drama,50
song and dance,drama,50
historical battles and epic heroism,drama,50
adventure,action,49
explosive and action-packed heroes vs. villains,action,49
gothic and eerie haunting horror,horror,49
science fiction,science fiction,49
horror,comedy,48
graphic violence and brutal revenge,drama,48
war and historical adventure,drama,48
gritty crime and ruthless gangsters,drama,46
horror,twisted dark psychological thriller,46
war,drama,46
crime,action,46
epic history and literature,drama,45
comedy,romance,45
twisted dark psychological thriller,horror,45
kids' animated fun and adventure,drama,45
fantasy adventure,drama,45
heroism,drama,45
and swordplay,drama,45
fantasy,comedy,44
noir and dark crime dramas,drama,44
racism and the powerful fight for justice,drama,44
thriller,horror,43
twisted dark psychological thriller,thriller,43
explosive and action-packed heroes vs. villains,drama,43
high speed and special ops,thriller,43
high speed and special ops,drama,42
thriller,crime,42
science fiction,action,41
military combat and heroic soldiers,drama,41
explosive and action-packed heroes vs. villains,thriller,41
horror,the undead and monster classics,40
intriguing and suspenseful murder mysteries,drama,39
powerful stories of heartbreak and suffering,comedy,39
holiday joy and heartwarming christmas,comedy,38
political drama,drama,38
patriotism,drama,38
and war,drama,38
tragic sadness and captivating beauty,drama,38
moving relationship stories,moving relationship stories,37
riveting political and presidential drama,drama,37
drama,thriller,37
action comedy and silly heroics,drama,36
romance,moving relationship stories,36
heists and thrilling action,drama,36
moving relationship stories,romance,36
adrenaline-fueled action and fast cars,drama,36
crime,comedy,36
fascinating,drama,35
emotional stories and documentaries,drama,35
action,comedy,35
violent action,crime,34
guns,crime,34
and crime,crime,34
action comedy and silly heroics,action,34
emotional and touching family dramas,comedy,34
brutal,drama,33
violent prison drama,drama,33
drugs and gangsters,crime,33
suspenseful crime thrillers,thriller,33
action comedy and silly heroics,comedy,33
intense violence and sexual transgression,horror,33
emotional teen coming-of-age stories,comedy,33
monsters,science fiction,33
aliens,science fiction,33
sci-fi and the apocalypse,science fiction,33
dazzling vocal performances and musicals,drama,32
fairy-tale fantasy and enchanted magic,drama,32
science fiction,comedy,32
thought-provoking sci-fi action and future technology,drama,32
faith and religion,drama,31
emotional life of renowned artists,drama,31
nazis and world war ii,drama,31
violent action,thriller,31
guns,thriller,31
and crime,thriller,31
adorable animals and heartwarming families,comedy,30
action-packed space and alien sagas,science fiction,30
touching and sentimental family stories,moving relationship stories,29
thought-provoking sci-fi action and future technology,science fiction,29
drama,crime,29
laugh-out-loud relationship entanglements,romance,29
charming romances and delightful chemistry,romance,29
mystery,horror,29
intense combat and martial arts,drama,29
thriller,comedy,28
relationship comedy,romance,28
song and dance,comedy,28
adorable animals and heartwarming families,drama,28
action,crime,28
adventure,adventure,27
captivating relationships and charming romance,romance,27
action,science fiction,27
gritty crime and ruthless gangsters,crime,26
drugs and gangsters,thriller,26
the undead and monster classics,thriller,26
gory,thriller,26
gruesome,thriller,26
and slasher horror,thriller,26
twisted dark psychological thriller,twisted dark psychological thriller,26
holiday joy and heartwarming christmas,drama,26
fairy-tale fantasy and enchanted magic,comedy,26
sci-fi horror,drama,26
creatures,drama,26
and aliens,drama,26
adventure,science fiction,26
suspenseful crime thrillers,crime,26
monsters,drama,25
aliens,drama,25
sci-fi and the apocalypse,drama,25
heists and thrilling action,thriller,25
inspiring sports underdog stories,drama,25
intense violence and sexual transgression,thriller,25
comedy,moving relationship stories,24
superheroes in action-packed battles with villains,science fiction,24
adrenaline-fueled action and fast cars,thriller,24
adrenaline-fueled action and fast cars,action,24
touching and sentimental family stories,romance,23
fantasy,action,23
comedy,action,23
thriller,twisted dark psychological thriller,23
horror,science fiction,23
dance rhythms and catchy tunes,drama,23
legendary musicians and stardom,drama,23
heists and thrilling action,crime,23
religious faith,drama,22
sin,drama,22
and forgiveness,drama,22
imaginative space odysseys and alien encounters,science fiction,22
politics,drama,22
propaganda,drama,22
and political documentaries,drama,22
twisted dark psychological thriller,comedy,22
music,comedy,22
comedy,crude humor and satire,22
epic heroes,comedy,22
the undead and monster classics,twisted dark psychological thriller,22
student coming-of-age challenges,comedy,22
exciting spy thrillers with tense intrigue,thriller,22
thrillers and murder mysteries,crime,22
violent crime and drugs,crime,21
thrillers and murder mysteries,thriller,21
passion and romance,romance,21
heartbreaking and moving family drama,comedy,21
captivating relationships and charming romance,comedy,21
crude humor and satire,action,21
gory,twisted dark psychological thriller,21
gruesome,twisted dark psychological thriller,21
and slasher horror,twisted dark psychological thriller,21
tv movie,drama,21
mystery,comedy,21
exciting spy thrillers with tense intrigue,action,21
epic heroes,thriller,21
epic heroes,science fiction,21
gory,comedy,20
gruesome,comedy,20
and slasher horror,comedy,20
intriguing and suspenseful murder mysteries,thriller,20
sci-fi horror,horror,20
creatures,horror,20
and aliens,horror,20
science fiction,thriller,20
chilling experiments and classic monster horror,drama,20
adventure,thriller,20
violent action,action,20
guns,action,20
and crime,action,20
drama,action,20
action-packed space and alien sagas,drama,20
epic heroes,adventure,19
mystery,thriller,19
terrifying,thriller,19
haunted,thriller,19
and supernatural horror,thriller,19
quirky and endearing relationships,romance,19
intense combat and martial arts,action,19
dazzling vocal performances and musicals,comedy,19
gags,action,19
jokes,action,19
and slapstick humor,action,19
captivating vision and shakespearean drama,drama,19
western,drama,19
fantasy,adventure,19
emotional and touching family dramas,moving relationship stories,19
crude humor and satire,crude humor and satire,19
the undead and monster classics,comedy,19
intriguing and suspenseful murder mysteries,crime,19
spooky,comedy,19
scary comedy,comedy,19
horror,and supernatural horror,19
horror,haunted,19
horror,terrifying,19
powerful stories of heartbreak and suffering,moving relationship stories,19
crude humor and satire,romance,18
humanity and the world around us,comedy,18
thought-provoking sci-fi action and future technology,action,18
terrifying,twisted dark psychological thriller,18
haunted,twisted dark psychological thriller,18
and supernatural horror,twisted dark psychological thriller,18
westerns,drama,18
the undead and monster classics,the undead and monster classics,18
terrifying,the undead and monster classics,18
haunted,the undead and monster classics,18
and supernatural horror,the undead and monster classics,18
comedy,horror,18
action-packed space and alien sagas,action,18
intense political and terrorist thrillers,thriller,18
spooky,drama,17
scary comedy,drama,17
captivating relationships and charming romance,moving relationship stories,17
noir and dark crime dramas,thriller,17
emotional lgbtq relationships,comedy,17
survival horror and zombie carnage,horror,17
fantasy adventure,action,17
heroism,action,17
and swordplay,action,17
horror,action,17
superheroes in action-packed battles with villains,comedy,17
fantasy,fantasy,17
monsters,action,17
aliens,action,17
sci-fi and the apocalypse,action,17
drugs and gangsters,action,17
noir and dark crime dramas,crime,17
action,adventure,16
comedy,crime,16
intense violence and sexual transgression,crime,16
heartbreaking and moving family drama,moving relationship stories,16
science fiction,adventure,16
funny jokes and crude humor,action,16
mystery,twisted dark psychological thriller,16
bravery in war,drama,16
gags,crude humor and satire,16
jokes,crude humor and satire,16
and slapstick humor,crude humor and satire,16
exciting spy thrillers with tense intrigue,drama,16
superheroes in action-packed battles with villains,thriller,16
action,epic heroes,15
epic heroes,epic heroes,15
superheroes in action-packed battles with villains,epic heroes,15
relationship comedy,moving relationship stories,15
family,adventure,15
humanity and the world around us,moving relationship stories,15
passion and romance,comedy,15
gothic and eerie haunting horror,twisted dark psychological thriller,15
creepy,twisted dark psychological thriller,15
chilling,twisted dark psychological thriller,15
and terrifying horror,twisted dark psychological thriller,15
wild west outlaws and gunfights,drama,15
creepy,the undead and monster classics,15
chilling,the undead and monster classics,15
and terrifying horror,the undead and monster classics,15
action comedy and silly heroics,thriller,15
imaginative space odysseys and alien encounters,drama,15
twisted dark psychological thriller,the undead and monster classics,15
underdog fighting and boxing stories,drama,15
epic adventure and breathtaking battles,drama,15
disastrous voyages and heroic survival,drama,15
intense violence and sexual transgression,comedy,14
mystery,crime,14
crude humor and satire,crime,14
gritty crime and ruthless gangsters,thriller,14
heartbreaking and moving family drama,romance,14
mystery,the undead and monster classics,14
horror,and slasher horror,14
horror,gory,14
horror,gruesome,14
gory,the undead and monster classics,14
gruesome,the undead and monster classics,14
and slasher horror,the undead and monster classics,14
animation,action,14
crude humor and satire,horror,14
terrifying,comedy,14
haunted,comedy,14
and supernatural horror,comedy,14
superheroes in action-packed battles with villains,adventure,14
bloody vampire horror,drama,14
high speed and special ops,crime,14
passion and romance,moving relationship stories,13
science fiction,epic heroes,13
quirky and endearing relationships,moving relationship stories,13
emotional teen coming-of-age stories,moving relationship stories,13
animation,adventure,13
humanity and the world around us,romance,13
gothic and eerie haunting horror,the undead and monster classics,13
enduring stories of family and marital drama,comedy,13
thriller,science fiction,13
fantasy,horror,13
explosive and action-packed heroes vs. villains,crime,13
sci-fi horror,science fiction,13
creatures,science fiction,13
and aliens,science fiction,13
drama,horror,13
gothic and eerie haunting horror,thriller,13
action,superheroes in action-packed battles with villains,12
science fiction,superheroes in action-packed battles with villains,12
superheroes in action-packed battles with villains,superheroes in action-packed battles with villains,12
faith and spiritual journeys,drama,12
gags,crime,12
jokes,crime,12
and slapstick humor,crime,12
laugh-out-loud relationship entanglements,moving relationship stories,12
charming romances and delightful chemistry,moving relationship stories,12
spooky,horror,12
scary comedy,horror,12
fantasy adventure,adventure,12
heroism,adventure,12
and swordplay,adventure,12
funny jokes and crude humor,crude humor and satire,12
dangerous technology and the apocalypse,science fiction,12
intense violence and sexual transgression,twisted dark psychological thriller,12
thriller,the undead and monster classics,12
twisted dark psychological thriller,crime,12
epic heroes,crime,12
dreamlike,comedy,12
quirky,comedy,12
and surreal storytelling,comedy,12
sci-fi horror,comedy,12
creatures,comedy,12
and aliens,comedy,12
powerful stories of heartbreak and suffering,romance,12
gags,romance,12
jokes,romance,12
and slapstick humor,romance,12
adventure,epic heroes,11
epic heroes,superheroes in action-packed battles with villains,11
war and historical adventure,action,11
military combat and heroic soldiers,action,11
drama,science fiction,11
comedy,thriller,11
crude humor and satire,thriller,11
air pilot heroism and survival,drama,11
violent crime and drugs,thriller,11
laugh-out-loud relationship entanglements,crude humor and satire,11
chilling experiments and classic monster horror,horror,11
kids' animated fun and adventure,adventure,11
erotic relationships and desire,comedy,11
survival horror and zombie carnage,drama,11
science fiction,horror,11
the undead and monster classics,science fiction,11
funny jokes and crude humor,horror,11
emotional and captivating fantasy storytelling,comedy,11
amusing jokes and witty satire,crude humor and satire,11
catchy songs and hilarious musical comedy,crude humor and satire,11
explosive and action-packed heroes vs. villains,comedy,11
gritty crime and ruthless gangsters,action,11
family,fantasy,11
fairy-tale fantasy and enchanted magic,fantasy,11
bollywood emotional dramas,drama,11
adrenaline-fueled action and fast cars,crime,11
creepy,thriller,11
chilling,thriller,11
and terrifying horror,thriller,11
comedy,adventure,10
crude humor and satire,moving relationship stories,10
gags,thriller,10
jokes,thriller,10
and slapstick humor,thriller,10
emotional lgbtq relationships,moving relationship stories,10
emotional lgbtq relationships,romance,10
high speed and special ops,comedy,10
adventure,fantasy,10
animation,fantasy,10
drama,touching and sentimental family stories,10
surreal and thought-provoking visions of life and death,comedy,10
gripping,crime,10
intense violent crime,crime,10
humanity's odyssey: earth and beyond,drama,10
western frontier dramas with a touch of humor,drama,10
funny jokes and crude humor,romance,10
thrillers and murder mysteries,horror,10
intriguing and suspenseful murder mysteries,twisted dark psychological thriller,10
suspenseful crime thrillers,twisted dark psychological thriller,10
lavish dramas and sumptuous royalty,drama,10
fairy-tale fantasy and enchanted magic,adventure,10
graphic violence and brutal revenge,horror,10
graphic violence and brutal revenge,thriller,10
brutal,crime,10
violent prison drama,crime,10
suspenseful crime thrillers,comedy,10
dance rhythms and catchy tunes,comedy,10
adventure,superheroes in action-packed battles with villains,9
humanity's odyssey: earth and beyond,science fiction,9
quirky and endearing relationships,crude humor and satire,9
emotional teen coming-of-age stories,romance,9
monsters,comedy,9
aliens,comedy,9
sci-fi and the apocalypse,comedy,9
politics and human rights,action,9
intense political and terrorist thrillers,action,9
thrillers and murder mysteries,twisted dark psychological thriller,9
twisted dark psychological thriller,and slasher horror,9
twisted dark psychological thriller,gory,9
twisted dark psychological thriller,gruesome,9
the undead and monster classics,and supernatural horror,9
the undead and monster classics,haunted,9
the undead and monster classics,terrifying,9
terrifying,and supernatural horror,9
terrifying,haunted,9
terrifying,terrifying,9
haunted,and supernatural horror,9
haunted,haunted,9
haunted,terrifying,9
and supernatural horror,and supernatural horror,9
and supernatural horror,haunted,9
and supernatural horror,terrifying,9
family,family,9
war,action,9
erotic relationships and desire,moving relationship stories,8
bravery in war,action,8
funny jokes and crude humor,thriller,8
documentary,comedy,8
relationship comedy,crude humor and satire,8
erotic relationships and desire,romance,8
gags,horror,8
jokes,horror,8
and slapstick humor,horror,8
thought-provoking sci-fi action and future technology,thriller,8
creepy,comedy,8
chilling,comedy,8
and terrifying horror,comedy,8
gothic and eerie haunting horror,comedy,8
explosive and action-packed heroes vs. villains,science fiction,8
kids' animated fun and adventure,fantasy,8
tv movie,comedy,8
intense violence and sexual transgression,the undead and monster classics,8
holiday joy and heartwarming christmas,fantasy,8
emotional and captivating fantasy storytelling,adventure,8
high speed and special ops,science fiction,8
suspenseful crime thrillers,action,8
horror,and terrifying horror,8
horror,chilling,8
horror,creepy,8
noir and dark crime dramas,comedy,8
intriguing and suspenseful murder mysteries,comedy,8
animation,science fiction,8
enduring stories of family and marital drama,moving relationship stories,7
adrenaline-fueled action and fast cars,comedy,7
humanity and the world around us,science fiction,7
crude humor and satire,adventure,7
gags,adventure,7
jokes,adventure,7
and slapstick humor,adventure,7
mystery,mystery,7
sci-fi horror,thriller,7
creatures,thriller,7
and aliens,thriller,7
action-packed space and alien sagas,adventure,7
dangerous technology and the apocalypse,action,7
terrifying,science fiction,7
haunted,science fiction,7
and supernatural horror,science fiction,7
gory,and slasher horror,7
gory,gory,7
gory,gruesome,7
gruesome,and slasher horror,7
gruesome,gory,7
gruesome,gruesome,7
and slasher horror,and slasher horror,7
and slasher horror,gory,7
and slasher horror,gruesome,7
the undead and monster classics,action,7
emotional and touching family dramas,touching and sentimental family stories,7
touching and sentimental family stories,touching and sentimental family stories,7
moving relationship stories,touching and sentimental family stories,7
adventure,crude humor and satire,7
family,crude humor and satire,7
kids' animated fun and adventure,crude humor and satire,7
comedy,fantasy,7
imaginative space odysseys and alien encounters,action,7
inspiring sports underdog stories,comedy,7
heists and thrilling action,action,7
violent crime and drugs,action,7
adventure,horror,7
crime,twisted dark psychological thriller,7
thriller,and slasher horror,7
thriller,gory,7
thriller,gruesome,7
horror,crime,7
suspenseful crime thrillers,horror,7
adorable animals and heartwarming families,adventure,7
adorable animals and heartwarming families,fantasy,7
mystery,action,7
enduring stories of family and marital drama,romance,7
mystery,and supernatural horror,7
mystery,haunted,7
mystery,terrifying,7
thriller,and supernatural horror,7
thriller,haunted,7
thriller,terrifying,7
twisted dark psychological thriller,and supernatural horror,7
twisted dark psychological thriller,haunted,7
twisted dark psychological thriller,terrifying,7
gory,and supernatural horror,7
gory,haunted,7
gory,terrifying,7
gruesome,and supernatural horror,7
gruesome,haunted,7
gruesome,terrifying,7
and slasher horror,and supernatural horror,7
and slasher horror,haunted,7
and slasher horror,terrifying,7
creepy,and supernatural horror,7
creepy,haunted,7
creepy,terrifying,7
chilling,and supernatural horror,7
chilling,haunted,7
chilling,terrifying,7
and terrifying horror,and supernatural horror,7
and terrifying horror,haunted,7
and terrifying horror,terrifying,7
gothic and eerie haunting horror,and supernatural horror,7
gothic and eerie haunting horror,haunted,7
gothic and eerie haunting horror,terrifying,7
heists and thrilling action,comedy,7
amusing jokes and witty satire,action,7
gripping,thriller,7
intense violent crime,thriller,7
fantasy,epic heroes,7
fantasy,science fiction,7
epic adventure and breathtaking battles,adventure,7
history,comedy,7
tragic sadness and captivating beauty,romance,7
explosive and action-packed heroes vs. villains,epic heroes,6
challenging or sexual themes & twists,comedy,6
action comedy and silly heroics,adventure,6
funny jokes and crude humor,moving relationship stories,6
funny jokes and crude humor,crime,6
dreamlike,crime,6
quirky,crime,6
and surreal storytelling,crime,6
graphic violence and brutal revenge,crime,6
monsters,thriller,6
aliens,thriller,6
sci-fi and the apocalypse,thriller,6
monsters,adventure,6
aliens,adventure,6
sci-fi and the apocalypse,adventure,6
the undead and monster classics,and slasher horror,6
the undead and monster classics,gory,6
the undead and monster classics,gruesome,6
romance,touching and sentimental family stories,6
thought-provoking sci-fi action and future technology,comedy,6
brutal,thriller,6
violent prison drama,thriller,6
action,high speed and special ops,6
high speed and special ops,high speed and special ops,6
teen school antics and laughter,romance,6
action comedy and silly heroics,epic heroes,6
fantasy adventure,epic heroes,6
heroism,epic heroes,6
and swordplay,epic heroes,6
animation,horror,6
intriguing and suspenseful murder mysteries,horror,6
noir and dark crime dramas,twisted dark psychological thriller,6
holiday joy and heartwarming christmas,adventure,6
sci-fi horror,action,6
creatures,action,6
and aliens,action,6
twisted dark psychological thriller,action,6
sci-fi monster and dinosaur adventures,action,6
action,horror,6
tragic sadness and captivating beauty,moving relationship stories,6
catchy songs and hilarious musical comedy,romance,6
action-packed space and alien sagas,superheroes in action-packed battles with villains,6
fantasy adventure,science fiction,6
heroism,science fiction,6
and swordplay,science fiction,6
drugs and gangsters,comedy,6
gritty crime and ruthless gangsters,comedy,6
violent action,comedy,6
guns,comedy,6
and crime,comedy,6
intense combat and martial arts,comedy,6
intense combat and martial arts,thriller,6
adventure,crime,6
drama,adventure,6
historical battles and epic heroism,action,6
thrillers and murder mysteries,comedy,6
horror,romance,6
dangerous technology and the apocalypse,drama,6
crude humor and satire,science fiction,6
animation,family,6
horror,epic heroes,6
horror,gothic and eerie haunting horror,6
laugh-out-loud relationship entanglements,crime,6
animation,epic heroes,6
high speed and special ops,adventure,5
explosive and action-packed heroes vs. villains,adventure,5
adrenaline-fueled action and fast cars,adventure,5
underdogs and coming of age,moving relationship stories,5
gags,moving relationship stories,5
jokes,moving relationship stories,5
and slapstick humor,moving relationship stories,5
amusing jokes and witty satire,crime,5
catchy songs and hilarious musical comedy,crime,5
legendary musicians and stardom,comedy,5
romance,laugh-out-loud relationship entanglements,5
holiday joy and heartwarming christmas,crude humor and satire,5
thriller,adventure,5
disastrous voyages and heroic survival,action,5
survival horror and zombie carnage,comedy,5
creepy,science fiction,5
chilling,science fiction,5
and terrifying horror,science fiction,5
terrifying,and slasher horror,5
terrifying,gory,5
terrifying,gruesome,5
haunted,and slasher horror,5
haunted,gory,5
haunted,gruesome,5
and supernatural horror,and slasher horror,5
and supernatural horror,gory,5
and supernatural horror,gruesome,5
emotional and captivating fantasy storytelling,fantasy,5
heartbreaking and moving family drama,touching and sentimental family stories,5
action-packed space and alien sagas,comedy,5
comedy,touching and sentimental family stories,5
gripping,comedy,5
intense violent crime,comedy,5
fantasy,crude humor and satire,5
terrifying,action,5
haunted,action,5
and supernatural horror,action,5
humanity and the world around us,crime,5
science fiction,aliens,5
science fiction,monsters,5
science fiction,sci-fi and the apocalypse,5
monsters,aliens,5
monsters,monsters,5
monsters,sci-fi and the apocalypse,5
aliens,aliens,5
aliens,monsters,5
aliens,sci-fi and the apocalypse,5
sci-fi and the apocalypse,aliens,5
sci-fi and the apocalypse,monsters,5
sci-fi and the apocalypse,sci-fi and the apocalypse,5
action-packed space and alien sagas,aliens,5
action-packed space and alien sagas,monsters,5
action-packed space and alien sagas,sci-fi and the apocalypse,5
challenging or sexual themes & twists,horror,5
fantasy adventure,comedy,5
heroism,comedy,5
and swordplay,comedy,5
politics and human rights,thriller,5
action,explosive and action-packed heroes vs. villains,5
high speed and special ops,explosive and action-packed heroes vs. villains,5
explosive and action-packed heroes vs. villains,high speed and special ops,5
intense combat and martial arts,epic heroes,5
drama,twisted dark psychological thriller,5
underdogs and coming of age,underdogs and coming of age,5
powerful poetic and passionate drama,moving relationship stories,5
crime,horror,5
crime,suspenseful crime thrillers,5
thriller,thrillers and murder mysteries,5
thrillers and murder mysteries,thrillers and murder mysteries,5
horror,intense violence and sexual transgression,5
twisted dark psychological thriller,thrillers and murder mysteries,5
suspenseful crime thrillers,thrillers and murder mysteries,5
gory,crime,5
gruesome,crime,5
and slasher horror,crime,5
superheroes in action-packed battles with villains,crime,5
bloody vampire horror,comedy,5
comedy,underdogs and coming of age,5
amusing jokes and witty satire,romance,5
bloody vampire horror,horror,5
kids' animated fun and adventure,action,5
mystery,science fiction,5
monsters,horror,5
aliens,horror,5
sci-fi and the apocalypse,horror,5
thrillers and murder mysteries,action,5
action-packed space and alien sagas,epic heroes,5
fantasy adventure,superheroes in action-packed battles with villains,5
heroism,superheroes in action-packed battles with villains,5
and swordplay,superheroes in action-packed battles with villains,5
music,music,5
horror,mystery,5
moving relationship stories,thriller,5
crude humor and satire,twisted dark psychological thriller,5
adorable animals and heartwarming families,family,5
fantasy,superheroes in action-packed battles with villains,5
historical battles and epic heroism,adventure,5
epic adventure and breathtaking battles,action,5
crime,romance,5
fantasy,romance,5
tv movie,thriller,5
action comedy and silly heroics,crime,5
sci-fi monster and dinosaur adventures,drama,5
comedy,science fiction,5
emotional and touching family dramas,romance,5
holiday joy and heartwarming christmas,family,5
kids' animated fun and adventure,family,5
tragic sadness and captivating beauty,comedy,5
horror,adventure,5
emotional and captivating fantasy storytelling,science fiction,5
explosive and action-packed heroes vs. villains,superheroes in action-packed battles with villains,4
teen school antics and laughter,moving relationship stories,4
spooky,thriller,4
scary comedy,thriller,4
emotional life of renowned artists,comedy,4
comedy,laugh-out-loud relationship entanglements,4
romance,crude humor and satire,4
relationship comedy,laugh-out-loud relationship entanglements,4
laugh-out-loud relationship entanglements,laugh-out-loud relationship entanglements,4
quirky and endearing relationships,laugh-out-loud relationship entanglements,4
imaginative space odysseys and alien encounters,thriller,4
thought-provoking sci-fi action and future technology,adventure,4
disastrous voyages and heroic survival,adventure,4
song and dance,romance,4
science fiction,the undead and monster classics,4
chilling experiments and classic monster horror,science fiction,4
spooky,the undead and monster classics,4
scary comedy,the undead and monster classics,4
sci-fi horror,the undead and monster classics,4
creatures,the undead and monster classics,4
and aliens,the undead and monster classics,4
epic heroes,fantasy,4
fantasy adventure,fantasy,4
heroism,fantasy,4
and swordplay,fantasy,4
family,moving relationship stories,4
gory,action,4
gruesome,action,4
and slasher horror,action,4
comedy,the undead and monster classics,4
crude humor and satire,the undead and monster classics,4
funny jokes and crude humor,the undead and monster classics,4
gags,the undead and monster classics,4
jokes,the undead and monster classics,4
and slapstick humor,the undead and monster classics,4
amusing jokes and witty satire,horror,4
action comedy and silly heroics,horror,4
politics and human rights,comedy,4
powerful poetic and passionate drama,comedy,4
brutal,action,4
violent prison drama,action,4
war,war and historical adventure,4
war and historical adventure,war and historical adventure,4
bravery in war,war and historical adventure,4
moving relationship stories,crime,4
powerful stories of heartbreak and suffering,crime,4
underdog fighting and boxing stories,comedy,4
dangerous technology and the apocalypse,thriller,4
epic heroes,high speed and special ops,4
exciting spy thrillers with tense intrigue,high speed and special ops,4
explosive and action-packed heroes vs. villains,explosive and action-packed heroes vs. villains,4
politics,action,4
propaganda,action,4
and political documentaries,action,4
animation,crude humor and satire,4
powerful stories of heartbreak and suffering,touching and sentimental family stories,4
amusing jokes and witty satire,adventure,4
crime,thrillers and murder mysteries,4
thriller,suspenseful crime thrillers,4
thrillers and murder mysteries,suspenseful crime thrillers,4
intense violence and sexual transgression,and slasher horror,4
intense violence and sexual transgression,gory,4
intense violence and sexual transgression,gruesome,4
intense violence and sexual transgression,thrillers and murder mysteries,4
intriguing and suspenseful murder mysteries,suspenseful crime thrillers,4
intriguing and suspenseful murder mysteries,thrillers and murder mysteries,4
twisted dark psychological thriller,suspenseful crime thrillers,4
suspenseful crime thrillers,and slasher horror,4
suspenseful crime thrillers,gory,4
suspenseful crime thrillers,gruesome,4
suspenseful crime thrillers,suspenseful crime thrillers,4
noir and dark crime dramas,horror,4
noir and dark crime dramas,thrillers and murder mysteries,4
intense combat and martial arts,crime,4
crude humor and satire,underdogs and coming of age,4
teen school antics and laughter,underdogs and coming of age,4
powerful poetic and passionate drama,romance,4
superheroes in action-packed battles with villains,horror,4
surreal and thought-provoking visions of life and death,science fiction,4
science fiction,romance,4
adventure,aliens,4
adventure,monsters,4
adventure,sci-fi and the apocalypse,4
monsters,epic heroes,4
monsters,superheroes in action-packed battles with villains,4
aliens,epic heroes,4
aliens,superheroes in action-packed battles with villains,4
sci-fi and the apocalypse,epic heroes,4
sci-fi and the apocalypse,superheroes in action-packed battles with villains,4
adrenaline-fueled action and fast cars,science fiction,4
mystery,and terrifying horror,4
mystery,chilling,4
mystery,creepy,4
the undead and monster classics,and terrifying horror,4
the undead and monster classics,chilling,4
the undead and monster classics,creepy,4
terrifying,and terrifying horror,4
terrifying,chilling,4
terrifying,creepy,4
haunted,and terrifying horror,4
haunted,chilling,4
haunted,creepy,4
and supernatural horror,and terrifying horror,4
and supernatural horror,chilling,4
and supernatural horror,creepy,4
creepy,and terrifying horror,4
creepy,chilling,4
creepy,creepy,4
chilling,and terrifying horror,4
chilling,chilling,4
chilling,creepy,4
and terrifying horror,and terrifying horror,4
and terrifying horror,chilling,4
and terrifying horror,creepy,4
gothic and eerie haunting horror,and terrifying horror,4
gothic and eerie haunting horror,chilling,4
gothic and eerie haunting horror,creepy,4
gory,and terrifying horror,4
gory,chilling,4
gory,creepy,4
gruesome,and terrifying horror,4
gruesome,chilling,4
gruesome,creepy,4
and slasher horror,and terrifying horror,4
and slasher horror,chilling,4
and slasher horror,creepy,4
violent crime and drugs,comedy,4
intriguing and suspenseful murder mysteries,mystery,4
suspenseful crime thrillers,mystery,4
surreal and thought-provoking visions of life and death,romance,4
intense political and terrorist thrillers,crime,4
crime,and crime,4
crime,guns,4
crime,violent action,4
comedy,twisted dark psychological thriller,4
spooky,twisted dark psychological thriller,4
scary comedy,twisted dark psychological thriller,4
challenging or sexual themes & twists,thriller,4
adventure,family,4
extreme gory horror and cannibalism,drama,4
bollywood emotional dramas,comedy,4
laugh-out-loud relationship entanglements,action,4
intense violence and sexual transgression,action,4
dreamlike,action,4
quirky,action,4
and surreal storytelling,action,4
family,romance,4
chilling experiments and classic monster horror,comedy,4
action comedy and silly heroics,high speed and special ops,4
action comedy and silly heroics,science fiction,4
sci-fi monster and dinosaur adventures,science fiction,4
fantasy,family,4
dreamlike,twisted dark psychological thriller,4
quirky,twisted dark psychological thriller,4
and surreal storytelling,twisted dark psychological thriller,4
horror,aliens,4
horror,monsters,4
horror,sci-fi and the apocalypse,4
underdogs and coming of age,horror,4
challenging or sexual themes & twists,crime,4
teen school antics and laughter,horror,4
dreamlike,thriller,4
quirky,thriller,4
and surreal storytelling,thriller,4
animation,superheroes in action-packed battles with villains,4
high speed and special ops,epic heroes,3
high speed and special ops,superheroes in action-packed battles with villains,3
nazis and world war ii,action,3
laugh-out-loud relationship entanglements,adventure,3
amusing jokes and witty satire,thriller,3
spooky,crime,3
scary comedy,crime,3
fascinating,comedy,3
emotional stories and documentaries,comedy,3
charming romances and delightful chemistry,crude humor and satire,3
chilling experiments and classic monster horror,thriller,3
funny jokes and crude humor,adventure,3
underdogs and coming of age,romance,3
dangerous technology and the apocalypse,adventure,3
underdogs and coming of age,action,3
survival horror and zombie carnage,action,3
teen school antics and laughter,action,3
dazzling vocal performances and musicals,romance,3
mystery,and slasher horror,3
mystery,gory,3
mystery,gruesome,3
survival horror and zombie carnage,the undead and monster classics,3
creepy,and slasher horror,3
creepy,gory,3
creepy,gruesome,3
chilling,and slasher horror,3
chilling,gory,3
chilling,gruesome,3
and terrifying horror,and slasher horror,3
and terrifying horror,gory,3
and terrifying horror,gruesome,3
epic adventure and breathtaking battles,fantasy,3
superheroes in action-packed battles with villains,fantasy,3
comedy,and slapstick humor,3
comedy,gags,3
comedy,jokes,3
crude humor and satire,and slapstick humor,3
crude humor and satire,gags,3
crude humor and satire,jokes,3
quirky and endearing relationships,touching and sentimental family stories,3
action-packed space and alien sagas,thriller,3
action comedy and silly heroics,crude humor and satire,3
war,comedy,3
intense political and terrorist thrillers,comedy,3
humanity and the world around us,action,3
war,war,3
war and historical adventure,war,3
military combat and heroic soldiers,war and historical adventure,3
bravery in war,war,3
nazis and world war ii,war and historical adventure,3
emotional and touching family dramas,crime,3
westerns,thriller,3
wild west outlaws and gunfights,thriller,3
science fiction,action-packed space and alien sagas,3
science fiction,thought-provoking sci-fi action and future technology,3
monsters,action-packed space and alien sagas,3
monsters,thought-provoking sci-fi action and future technology,3
aliens,action-packed space and alien sagas,3
aliens,thought-provoking sci-fi action and future technology,3
sci-fi and the apocalypse,action-packed space and alien sagas,3
sci-fi and the apocalypse,thought-provoking sci-fi action and future technology,3
action-packed space and alien sagas,action-packed space and alien sagas,3
action-packed space and alien sagas,thought-provoking sci-fi action and future technology,3
erotic relationships and desire,horror,3
song and dance,fantasy,3
thriller,high speed and special ops,3
epic heroes,explosive and action-packed heroes vs. villains,3
war and historical adventure,thriller,3
exciting spy thrillers with tense intrigue,explosive and action-packed heroes vs. villains,3
military combat and heroic soldiers,thriller,3
politics,thriller,3
propaganda,thriller,3
and political documentaries,thriller,3
comedy,epic heroes,3
drama,underdogs and coming of age,3
student coming-of-age challenges,underdogs and coming of age,3
emotional and captivating fantasy storytelling,horror,3
animation,thriller,3
mystery,thrillers and murder mysteries,3
thriller,intense violence and sexual transgression,3
horror,suspenseful crime thrillers,3
horror,thrillers and murder mysteries,3
the undead and monster classics,crime,3
the undead and monster classics,intense violence and sexual transgression,3
intriguing and suspenseful murder mysteries,and slasher horror,3
intriguing and suspenseful murder mysteries,gory,3
intriguing and suspenseful murder mysteries,gruesome,3
twisted dark psychological thriller,intense violence and sexual transgression,3
gory,intense violence and sexual transgression,3
gory,thrillers and murder mysteries,3
gruesome,intense violence and sexual transgression,3
gruesome,thrillers and murder mysteries,3
and slasher horror,intense violence and sexual transgression,3
and slasher horror,thrillers and murder mysteries,3
noir and dark crime dramas,and slasher horror,3
noir and dark crime dramas,gory,3
noir and dark crime dramas,gruesome,3
noir and dark crime dramas,suspenseful crime thrillers,3
terrifying,crime,3
haunted,crime,3
and supernatural horror,crime,3
teen school antics and laughter,crude humor and satire,3
gags,underdogs and coming of age,3
jokes,underdogs and coming of age,3
and slapstick humor,underdogs and coming of age,3
funny jokes and crude humor,underdogs and coming of age,3
epic heroes,horror,3
family,action,3
twisted dark psychological thriller,science fiction,3
gory,science fiction,3
gruesome,science fiction,3
and slasher horror,science fiction,3
survival horror and zombie carnage,science fiction,3
intense violence and sexual transgression,and supernatural horror,3
intense violence and sexual transgression,haunted,3
intense violence and sexual transgression,terrifying,3
noir and dark crime dramas,action,3
adrenaline-fueled action and fast cars,epic heroes,3
drama,the undead and monster classics,3
song and dance,music,3
emotional life of renowned artists,music,3
legendary musicians and stardom,music,3
thriller,mystery,3
twisted dark psychological thriller,mystery,3
dazzling vocal performances and musicals,fantasy,3
epic adventure and breathtaking battles,science fiction,3
crime,moving relationship stories,3
catchy songs and hilarious musical comedy,moving relationship stories,3
epic history and literature,action,3
fairy-tale fantasy and enchanted magic,romance,3
relationship comedy,action,3
religious faith,comedy,3
sin,comedy,3
and forgiveness,comedy,3
animation,romance,3
horror,fantasy,3
sci-fi monster and dinosaur adventures,horror,3
gags,science fiction,3
gags,superheroes in action-packed battles with villains,3
jokes,science fiction,3
jokes,superheroes in action-packed battles with villains,3
and slapstick humor,science fiction,3
and slapstick humor,superheroes in action-packed battles with villains,3
action comedy and silly heroics,explosive and action-packed heroes vs. villains,3
action comedy and silly heroics,superheroes in action-packed battles with villains,3
funny jokes and crude humor,science fiction,3
riveting political and presidential drama,action,3
faith and religion,horror,3
comedy,family,3
crude humor and satire,family,3
graphic violence and brutal revenge,twisted dark psychological thriller,3
dreamlike,horror,3
quirky,horror,3
and surreal storytelling,horror,3
thriller,romance,3
intense combat and martial arts,science fiction,3
sci-fi horror,aliens,3
sci-fi horror,monsters,3
sci-fi horror,sci-fi and the apocalypse,3
creatures,aliens,3
creatures,monsters,3
creatures,sci-fi and the apocalypse,3
and aliens,aliens,3
and aliens,monsters,3
and aliens,sci-fi and the apocalypse,3
laugh-out-loud relationship entanglements,underdogs and coming of age,3
fairy-tale fantasy and enchanted magic,family,3
horror,superheroes in action-packed battles with villains,3
the undead and monster classics,adventure,3
sci-fi horror,adventure,3
creatures,adventure,3
and aliens,adventure,3
creepy,action,3
chilling,action,3
and terrifying horror,action,3
humanity and the world around us,touching and sentimental family stories,3
fantasy,the undead and monster classics,3
mystery,gothic and eerie haunting horror,3
the undead and monster classics,gothic and eerie haunting horror,3
terrifying,gothic and eerie haunting horror,3
haunted,gothic and eerie haunting horror,3
and supernatural horror,gothic and eerie haunting horror,3
creepy,gothic and eerie haunting horror,3
chilling,gothic and eerie haunting horror,3
and terrifying horror,gothic and eerie haunting horror,3
gothic and eerie haunting horror,gothic and eerie haunting horror,3
gory,gothic and eerie haunting horror,3
gruesome,gothic and eerie haunting horror,3
and slasher horror,gothic and eerie haunting horror,3
emotional and captivating fantasy storytelling,action,3
teen friendship and coming-of-age,drama,3
history,romance,3
surreal and thought-provoking visions of life and death,crime,3
bloody vampire horror,action,3
mystery,romance,3
gags,epic heroes,3
jokes,epic heroes,3
and slapstick humor,epic heroes,3
fascinating,crime,3
emotional stories and documentaries,crime,3
adrenaline-fueled action and fast cars,high speed and special ops,3
superheroes in action-packed battles with villains,high speed and special ops,3
intense combat and martial arts,superheroes in action-packed battles with villains,3
captivating relationships and charming romance,touching and sentimental family stories,3
western,comedy,3
western frontier dramas with a touch of humor,comedy,3
epic adventure and breathtaking battles,comedy,3
crime,mystery,2
comedy,mystery,2
crude humor and satire,mystery,2
gags,mystery,2
jokes,mystery,2
and slapstick humor,mystery,2
catchy songs and hilarious musical comedy,thriller,2
charming romances and delightful chemistry,laugh-out-loud relationship entanglements,2
emotional lgbtq relationships,laugh-out-loud relationship entanglements,2
survival horror and zombie carnage,thriller,2
drama,laugh-out-loud relationship entanglements,2
imaginative space odysseys and alien encounters,adventure,2
chilling experiments and classic monster horror,the undead and monster classics,2
gothic and eerie haunting horror,science fiction,2
humanity and the world around us,fantasy,2
adventure,moving relationship stories,2
fantasy,moving relationship stories,2
animation,moving relationship stories,2
adorable animals and heartwarming families,moving relationship stories,2
fairy-tale fantasy and enchanted magic,moving relationship stories,2
kids' animated fun and adventure,moving relationship stories,2
war and historical adventure,adventure,2
intense violence and sexual transgression,adventure,2
surreal and thought-provoking visions of life and death,adventure,2
air pilot heroism and survival,action,2
enduring stories of family and marital drama,touching and sentimental family stories,2
racism and the powerful fight for justice,moving relationship stories,2
racism and the powerful fight for justice,touching and sentimental family stories,2
comedy,and supernatural horror,2
comedy,haunted,2
comedy,terrifying,2
crude humor and satire,and supernatural horror,2
crude humor and satire,haunted,2
crude humor and satire,terrifying,2
funny jokes and crude humor,and supernatural horror,2
funny jokes and crude humor,haunted,2
funny jokes and crude humor,terrifying,2
spooky,and supernatural horror,2
spooky,haunted,2
spooky,terrifying,2
scary comedy,and supernatural horror,2
scary comedy,haunted,2
scary comedy,terrifying,2
gags,and supernatural horror,2
gags,haunted,2
gags,terrifying,2
jokes,and supernatural horror,2
jokes,haunted,2
jokes,terrifying,2
and slapstick humor,and supernatural horror,2
and slapstick humor,haunted,2
and slapstick humor,terrifying,2
amusing jokes and witty satire,the undead and monster classics,2
laugh-out-loud relationship entanglements,and slapstick humor,2
laugh-out-loud relationship entanglements,gags,2
laugh-out-loud relationship entanglements,jokes,2
funny jokes and crude humor,and slapstick humor,2
funny jokes and crude humor,gags,2
funny jokes and crude humor,jokes,2
funny jokes and crude humor,laugh-out-loud relationship entanglements,2
gags,and slapstick humor,2
gags,gags,2
gags,jokes,2
jokes,and slapstick humor,2
jokes,gags,2
jokes,jokes,2
and slapstick humor,and slapstick humor,2
and slapstick humor,gags,2
and slapstick humor,jokes,2
amusing jokes and witty satire,and slapstick humor,2
amusing jokes and witty satire,gags,2
amusing jokes and witty satire,jokes,2
relationship comedy,touching and sentimental family stories,2
crude humor and satire,touching and sentimental family stories,2
crime,crude humor and satire,2
war and historical adventure,comedy,2
politics,comedy,2
propaganda,comedy,2
and political documentaries,comedy,2
racism and the powerful fight for justice,comedy,2
nazis and world war ii,comedy,2
war and historical adventure,science fiction,2
horror,emotional and touching family dramas,2
horror,moving relationship stories,2
horror,touching and sentimental family stories,2
comedy,war,2
comedy,war and historical adventure,2
crude humor and satire,war,2
crude humor and satire,war and historical adventure,2
military combat and heroic soldiers,war,2
nazis and world war ii,war,2
amusing jokes and witty satire,war,2
amusing jokes and witty satire,war and historical adventure,2
gags,war,2
gags,war and historical adventure,2
jokes,war,2
jokes,war and historical adventure,2
and slapstick humor,war,2
and slapstick humor,war and historical adventure,2
underdogs and coming of age,crime,2
western,thriller,2
western frontier dramas with a touch of humor,thriller,2
thriller,aliens,2
thriller,monsters,2
thriller,sci-fi and the apocalypse,2
imaginative space odysseys and alien encounters,action-packed space and alien sagas,2
imaginative space odysseys and alien encounters,aliens,2
imaginative space odysseys and alien encounters,monsters,2
imaginative space odysseys and alien encounters,sci-fi and the apocalypse,2
imaginative space odysseys and alien encounters,thought-provoking sci-fi action and future technology,2
thought-provoking sci-fi action and future technology,action-packed space and alien sagas,2
thought-provoking sci-fi action and future technology,aliens,2
thought-provoking sci-fi action and future technology,monsters,2
thought-provoking sci-fi action and future technology,sci-fi and the apocalypse,2
thought-provoking sci-fi action and future technology,thought-provoking sci-fi action and future technology,2
humanity's odyssey: earth and beyond,action-packed space and alien sagas,2
humanity's odyssey: earth and beyond,aliens,2
humanity's odyssey: earth and beyond,monsters,2
humanity's odyssey: earth and beyond,sci-fi and the apocalypse,2
humanity's odyssey: earth and beyond,thought-provoking sci-fi action and future technology,2
laugh-out-loud relationship entanglements,fantasy,2
action,crude humor and satire,2
science fiction,crude humor and satire,2
monsters,crude humor and satire,2
aliens,crude humor and satire,2
sci-fi and the apocalypse,crude humor and satire,2
imaginative space odysseys and alien encounters,comedy,2
drama,explosive and action-packed heroes vs. villains,2
drama,high speed and special ops,2
thriller,explosive and action-packed heroes vs. villains,2
politics and human rights,explosive and action-packed heroes vs. villains,2
politics and human rights,high speed and special ops,2
war and historical adventure,explosive and action-packed heroes vs. villains,2
war and historical adventure,high speed and special ops,2
intense political and terrorist thrillers,explosive and action-packed heroes vs. villains,2
intense political and terrorist thrillers,high speed and special ops,2
military combat and heroic soldiers,explosive and action-packed heroes vs. villains,2
military combat and heroic soldiers,high speed and special ops,2
politics,explosive and action-packed heroes vs. villains,2
politics,high speed and special ops,2
propaganda,explosive and action-packed heroes vs. villains,2
propaganda,high speed and special ops,2
and political documentaries,explosive and action-packed heroes vs. villains,2
and political documentaries,high speed and special ops,2
kids' animated fun and adventure,horror,2
romance,action,2
brutal,comedy,2
violent prison drama,comedy,2
moving relationship stories,underdogs and coming of age,2
emotional and touching family dramas,underdogs and coming of age,2
powerful stories of heartbreak and suffering,underdogs and coming of age,2
touching and sentimental family stories,underdogs and coming of age,2
heartbreaking and moving family drama,underdogs and coming of age,2
challenging or sexual themes & twists,moving relationship stories,2
mystery,suspenseful crime thrillers,2
crime,and slasher horror,2
crime,gory,2
crime,gruesome,2
crime,intense violence and sexual transgression,2
crime,the undead and monster classics,2
thrillers and murder mysteries,and slasher horror,2
thrillers and murder mysteries,gory,2
thrillers and murder mysteries,gruesome,2
intense violence and sexual transgression,intense violence and sexual transgression,2
intense violence and sexual transgression,suspenseful crime thrillers,2
drugs and gangsters,horror,2
drugs and gangsters,twisted dark psychological thriller,2
suspenseful crime thrillers,the undead and monster classics,2
gory,suspenseful crime thrillers,2
gruesome,suspenseful crime thrillers,2
and slasher horror,suspenseful crime thrillers,2
noir and dark crime dramas,the undead and monster classics,2
moving relationship stories,fantasy,2
comedy,teen school antics and laughter,2
underdogs and coming of age,teen school antics and laughter,2
crude humor and satire,teen school antics and laughter,2
relationship comedy,underdogs and coming of age,2
teen school antics and laughter,teen school antics and laughter,2
gags,teen school antics and laughter,2
jokes,teen school antics and laughter,2
and slapstick humor,teen school antics and laughter,2
funny jokes and crude humor,teen school antics and laughter,2
romance,captivating relationships and charming romance,2
drama,captivating relationships and charming romance,2
moving relationship stories,captivating relationships and charming romance,2
passion and romance,captivating relationships and charming romance,2
captivating relationships and charming romance,captivating relationships and charming romance,2
erotic relationships and desire,captivating relationships and charming romance,2
fantasy adventure,horror,2
heroism,horror,2
and swordplay,horror,2
adorable animals and heartwarming families,action,2
dreamlike,science fiction,2
quirky,science fiction,2
and surreal storytelling,science fiction,2
monsters,the undead and monster classics,2
aliens,the undead and monster classics,2
sci-fi and the apocalypse,the undead and monster classics,2
action,aliens,2
action,monsters,2
action,sci-fi and the apocalypse,2
adventure,action-packed space and alien sagas,2
adventure,thought-provoking sci-fi action and future technology,2
epic heroes,aliens,2
epic heroes,monsters,2
epic heroes,sci-fi and the apocalypse,2
superheroes in action-packed battles with villains,aliens,2
superheroes in action-packed battles with villains,monsters,2
superheroes in action-packed battles with villains,sci-fi and the apocalypse,2
adrenaline-fueled action and fast cars,superheroes in action-packed battles with villains,2
religious faith,romance,2
sin,romance,2
and forgiveness,romance,2
bloody vampire horror,the undead and monster classics,2
graphic violence and brutal revenge,suspenseful crime thrillers,2
graphic violence and brutal revenge,thrillers and murder mysteries,2
drama,music,2
dazzling vocal performances and musicals,music,2
the undead and monster classics,mystery,2
terrifying,mystery,2
haunted,mystery,2
and supernatural horror,mystery,2
catchy songs and hilarious musical comedy,action,2
surreal and thought-provoking visions of life and death,moving relationship stories,2
drama,powerful stories of heartbreak and suffering,2
humanity and the world around us,powerful stories of heartbreak and suffering,2
romance,thriller,2
thrillers and murder mysteries,mystery,2
imaginative space odysseys and alien encounters,horror,2
comedy,and slasher horror,2
comedy,gory,2
comedy,gruesome,2
crude humor and satire,and slasher horror,2
crude humor and satire,gory,2
crude humor and satire,gruesome,2
spooky,and slasher horror,2
spooky,gory,2
spooky,gruesome,2
scary comedy,and slasher horror,2
scary comedy,gory,2
scary comedy,gruesome,2
funny jokes and crude humor,and slasher horror,2
funny jokes and crude humor,gory,2
funny jokes and crude humor,gruesome,2
gags,and slasher horror,2
gags,gory,2
gags,gruesome,2
jokes,and slasher horror,2
jokes,gory,2
jokes,gruesome,2
and slapstick humor,and slasher horror,2
and slapstick humor,gory,2
and slapstick humor,gruesome,2
exciting spy thrillers with tense intrigue,crime,2
song and dance,adventure,2
thriller,and crime,2
thriller,guns,2
thriller,violent action,2
crime,drugs and gangsters,2
drugs and gangsters,and crime,2
drugs and gangsters,guns,2
drugs and gangsters,violent action,2
gritty crime and ruthless gangsters,and crime,2
gritty crime and ruthless gangsters,guns,2
gritty crime and ruthless gangsters,violent action,2
violent action,and crime,2
violent action,guns,2
violent action,violent action,2
guns,and crime,2
guns,guns,2
guns,violent action,2
and crime,and crime,2
and crime,guns,2
and crime,violent action,2
gags,twisted dark psychological thriller,2
jokes,twisted dark psychological thriller,2
and slapstick humor,twisted dark psychological thriller,2
heists and thrilling action,twisted dark psychological thriller,2
documentary,thriller,2
fascinating,thriller,2
emotional stories and documentaries,thriller,2
underdogs and coming of age,thriller,2
enduring stories of family and marital drama,thriller,2
heartbreaking and moving family drama,thriller,2
drama,family,2
touching and sentimental family stories,adventure,2
touching and sentimental family stories,family,2
emotional and touching family dramas,family,2
powerful stories of heartbreak and suffering,adventure,2
action,fantasy,2
terrifying,intense violence and sexual transgression,2
haunted,intense violence and sexual transgression,2
and supernatural horror,intense violence and sexual transgression,2
gothic and eerie haunting horror,and slasher horror,2
gothic and eerie haunting horror,gory,2
gothic and eerie haunting horror,gruesome,2
gritty crime and ruthless gangsters,romance,2
violent crime and drugs,moving relationship stories,2
violent crime and drugs,romance,2
engaging,drama,2
intense crime and casino drama,drama,2
violent action,romance,2
guns,romance,2
and crime,romance,2
adventure,romance,2
history,action,2
challenging or sexual themes & twists,romance,2
dreamlike,romance,2
quirky,romance,2
and surreal storytelling,romance,2
riveting political and presidential drama,comedy,2
underdog fighting and boxing stories,action,2
surreal and thought-provoking visions of life and death,action,2
exciting spy thrillers with tense intrigue,comedy,2
epic history and literature,romance,2
kids' animated fun and adventure,romance,2
action,twisted dark psychological thriller,2
terrifying,fantasy,2
haunted,fantasy,2
and supernatural horror,fantasy,2
creepy,fantasy,2
chilling,fantasy,2
and terrifying horror,fantasy,2
gothic and eerie haunting horror,fantasy,2
history,horror,2
moving relationship stories,horror,2
adorable animals and heartwarming families,crude humor and satire,2
war,thriller,2
family,thriller,2
kids' animated fun and adventure,thriller,2
science fiction,explosive and action-packed heroes vs. villains,2
science fiction,high speed and special ops,2
comedy,superheroes in action-packed battles with villains,2
adventure,explosive and action-packed heroes vs. villains,2
adventure,high speed and special ops,2
crude humor and satire,superheroes in action-packed battles with villains,2
imaginative space odysseys and alien encounters,superheroes in action-packed battles with villains,2
faith and religion,comedy,2
faith and spiritual journeys,comedy,2
faith and spiritual journeys,horror,2
religious faith,horror,2
sin,horror,2
and forgiveness,horror,2
laugh-out-loud relationship entanglements,family,2
fantasy,twisted dark psychological thriller,2
spooky,action,2
scary comedy,action,2
adventure,mystery,2
laugh-out-loud relationship entanglements,mystery,2
music,horror,2
music,the undead and monster classics,2
bloody vampire horror,thriller,2
surreal and thought-provoking visions of life and death,horror,2
political drama,action,2
patriotism,action,2
and war,action,2
gags,family,2
jokes,family,2
and slapstick humor,family,2
emotional and captivating fantasy storytelling,romance,2
student coming-of-age challenges,moving relationship stories,2
student coming-of-age challenges,romance,2
historical battles and epic heroism,horror,2
horror,action-packed space and alien sagas,2
horror,thought-provoking sci-fi action and future technology,2
mystery,adventure,2
mystery,epic heroes,2
mystery,superheroes in action-packed battles with villains,2
the undead and monster classics,aliens,2
the undead and monster classics,monsters,2
the undead and monster classics,sci-fi and the apocalypse,2
thought-provoking sci-fi action and future technology,epic heroes,2
sci-fi horror,epic heroes,2
creatures,epic heroes,2
and aliens,epic heroes,2
humanity's odyssey: earth and beyond,action,2
chilling experiments and classic monster horror,action,2
thriller,and terrifying horror,2
thriller,chilling,2
thriller,creepy,2
thriller,gothic and eerie haunting horror,2
chilling experiments and classic monster horror,twisted dark psychological thriller,2
teen friendship and coming-of-age,comedy,2
amusing jokes and witty satire,science fiction,2
action,war and historical adventure,2
drama,war and historical adventure,2
epic history and literature,war and historical adventure,2
historical battles and epic heroism,war and historical adventure,2
disastrous voyages and heroic survival,war and historical adventure,2
drama,crude humor and satire,2
surreal and thought-provoking visions of life and death,thriller,2
relationship comedy,crime,2
surreal and thought-provoking visions of life and death,twisted dark psychological thriller,2
bloody vampire horror,fantasy,2
epic history and literature,comedy,2
funny jokes and crude humor,twisted dark psychological thriller,2
relationship comedy,horror,2
powerful stories of heartbreak and suffering,thriller,2
the undead and monster classics,romance,2
terrifying,romance,2
haunted,romance,2
and supernatural horror,romance,2
creepy,romance,2
chilling,romance,2
and terrifying horror,romance,2
twisted dark psychological thriller,romance,2
teen school antics and laughter,fantasy,2
crude humor and satire,epic heroes,2
funny jokes and crude humor,epic heroes,2
documentary,documentary,2
adrenaline-fueled action and fast cars,explosive and action-packed heroes vs. villains,2
superheroes in action-packed battles with villains,explosive and action-packed heroes vs. villains,2
powerful poetic and passionate drama,crime,2
underdogs and coming of age,science fiction,2
passion and romance,touching and sentimental family stories,2
charming romances and delightful chemistry,touching and sentimental family stories,2
fantasy adventure,thriller,2
heroism,thriller,2
and swordplay,thriller,2
gothic and eerie haunting horror,action,2
westerns,comedy,2
wild west outlaws and gunfights,comedy,2
epic history and literature,adventure,2
dangerous technology and the apocalypse,horror,2
music,crime,2
touching and sentimental family stories,crude humor and satire,2
twisted dark psychological thriller,and terrifying horror,2
twisted dark psychological thriller,chilling,2
twisted dark psychological thriller,creepy,2
twisted dark psychological thriller,gothic and eerie haunting horror,2
gory,mystery,2
gruesome,mystery,2
and slasher horror,mystery,2
family,science fiction,2
adorable animals and heartwarming families,science fiction,2
war and historical adventure,epic heroes,1
war and historical adventure,superheroes in action-packed battles with villains,1
bravery in war,epic heroes,1
bravery in war,superheroes in action-packed battles with villains,1
nazis and world war ii,epic heroes,1
nazis and world war ii,superheroes in action-packed battles with villains,1
military combat and heroic soldiers,epic heroes,1
military combat and heroic soldiers,superheroes in action-packed battles with villains,1
documentary,science fiction,1
graphic violence and brutal revenge,comedy,1
relationship comedy,adventure,1
funny jokes and crude humor,mystery,1
amusing jokes and witty satire,mystery,1
spooky,mystery,1
scary comedy,mystery,1
catchy songs and hilarious musical comedy,mystery,1
emotional lgbtq relationships,crude humor and satire,1
holiday joy and heartwarming christmas,laugh-out-loud relationship entanglements,1
catchy songs and hilarious musical comedy,adventure,1
moving relationship stories,laugh-out-loud relationship entanglements,1
humanity and the world around us,laugh-out-loud relationship entanglements,1
passion and romance,laugh-out-loud relationship entanglements,1
erotic relationships and desire,laugh-out-loud relationship entanglements,1
heartbreaking and moving family drama,laugh-out-loud relationship entanglements,1
captivating relationships and charming romance,laugh-out-loud relationship entanglements,1
spooky,science fiction,1
scary comedy,science fiction,1
survival horror and zombie carnage,and slasher horror,1
survival horror and zombie carnage,gory,1
survival horror and zombie carnage,gruesome,1
survival horror and zombie carnage,twisted dark psychological thriller,1
sci-fi horror,and slasher horror,1
sci-fi horror,gory,1
sci-fi horror,gruesome,1
sci-fi horror,twisted dark psychological thriller,1
creatures,and slasher horror,1
creatures,gory,1
creatures,gruesome,1
creatures,twisted dark psychological thriller,1
and aliens,and slasher horror,1
and aliens,gory,1
and aliens,gruesome,1
and aliens,twisted dark psychological thriller,1
surreal and thought-provoking visions of life and death,fantasy,1
holiday joy and heartwarming christmas,moving relationship stories,1
dreamlike,adventure,1
quirky,adventure,1
and surreal storytelling,adventure,1
air pilot heroism and survival,thriller,1
politics and human rights,moving relationship stories,1
politics and human rights,touching and sentimental family stories,1
amusing jokes and witty satire,and supernatural horror,1
amusing jokes and witty satire,haunted,1
amusing jokes and witty satire,terrifying,1
action comedy and silly heroics,and supernatural horror,1
action comedy and silly heroics,haunted,1
action comedy and silly heroics,terrifying,1
action comedy and silly heroics,the undead and monster classics,1
crude humor and satire,laugh-out-loud relationship entanglements,1
relationship comedy,and slapstick humor,1
relationship comedy,gags,1
relationship comedy,jokes,1
gags,laugh-out-loud relationship entanglements,1
jokes,laugh-out-loud relationship entanglements,1
and slapstick humor,laugh-out-loud relationship entanglements,1
quirky and endearing relationships,and slapstick humor,1
quirky and endearing relationships,gags,1
quirky and endearing relationships,jokes,1
amusing jokes and witty satire,laugh-out-loud relationship entanglements,1
laugh-out-loud relationship entanglements,touching and sentimental family stories,1
gags,touching and sentimental family stories,1
jokes,touching and sentimental family stories,1
and slapstick humor,touching and sentimental family stories,1
funny jokes and crude humor,touching and sentimental family stories,1
humanity and the world around us,thriller,1
military combat and heroic soldiers,science fiction,1
documentary,action,1
westerns,action,1
thriller,emotional and touching family dramas,1
thriller,moving relationship stories,1
thriller,touching and sentimental family stories,1
the undead and monster classics,emotional and touching family dramas,1
the undead and monster classics,moving relationship stories,1
the undead and monster classics,touching and sentimental family stories,1
thrillers and murder mysteries,emotional and touching family dramas,1
thrillers and murder mysteries,moving relationship stories,1
thrillers and murder mysteries,touching and sentimental family stories,1
twisted dark psychological thriller,emotional and touching family dramas,1
twisted dark psychological thriller,moving relationship stories,1
twisted dark psychological thriller,touching and sentimental family stories,1
gory,emotional and touching family dramas,1
gory,moving relationship stories,1
gory,touching and sentimental family stories,1
gruesome,emotional and touching family dramas,1
gruesome,moving relationship stories,1
gruesome,touching and sentimental family stories,1
and slasher horror,emotional and touching family dramas,1
and slasher horror,moving relationship stories,1
and slasher horror,touching and sentimental family stories,1
terrifying,emotional and touching family dramas,1
terrifying,moving relationship stories,1
terrifying,touching and sentimental family stories,1
haunted,emotional and touching family dramas,1
haunted,moving relationship stories,1
haunted,touching and sentimental family stories,1
and supernatural horror,emotional and touching family dramas,1
and supernatural horror,moving relationship stories,1
and supernatural horror,touching and sentimental family stories,1
gothic and eerie haunting horror,emotional and touching family dramas,1
gothic and eerie haunting horror,moving relationship stories,1
gothic and eerie haunting horror,touching and sentimental family stories,1
suspenseful crime thrillers,emotional and touching family dramas,1
suspenseful crime thrillers,moving relationship stories,1
suspenseful crime thrillers,touching and sentimental family stories,1
comedy,military combat and heroic soldiers,1
comedy,nazis and world war ii,1
adventure,military combat and heroic soldiers,1
adventure,nazis and world war ii,1
adventure,war,1
adventure,war and historical adventure,1
war,military combat and heroic soldiers,1
war,nazis and world war ii,1
war and historical adventure,military combat and heroic soldiers,1
war and historical adventure,nazis and world war ii,1
crude humor and satire,military combat and heroic soldiers,1
crude humor and satire,nazis and world war ii,1
military combat and heroic soldiers,military combat and heroic soldiers,1
military combat and heroic soldiers,nazis and world war ii,1
bravery in war,military combat and heroic soldiers,1
bravery in war,nazis and world war ii,1
nazis and world war ii,military combat and heroic soldiers,1
nazis and world war ii,nazis and world war ii,1
amusing jokes and witty satire,military combat and heroic soldiers,1
amusing jokes and witty satire,nazis and world war ii,1
gags,military combat and heroic soldiers,1
gags,nazis and world war ii,1
jokes,military combat and heroic soldiers,1
jokes,nazis and world war ii,1
and slapstick humor,military combat and heroic soldiers,1
and slapstick humor,nazis and world war ii,1
racism and the powerful fight for justice,crime,1
thriller,action-packed space and alien sagas,1
thriller,thought-provoking sci-fi action and future technology,1
dangerous technology and the apocalypse,action-packed space and alien sagas,1
dangerous technology and the apocalypse,aliens,1
dangerous technology and the apocalypse,monsters,1
dangerous technology and the apocalypse,sci-fi and the apocalypse,1
dangerous technology and the apocalypse,thought-provoking sci-fi action and future technology,1
catchy songs and hilarious musical comedy,fantasy,1
charming romances and delightful chemistry,fantasy,1
action-packed space and alien sagas,crude humor and satire,1
superheroes in action-packed battles with villains,crude humor and satire,1
imaginative space odysseys and alien encounters,crude humor and satire,1
thought-provoking sci-fi action and future technology,crude humor and satire,1
fantasy adventure,crude humor and satire,1
heroism,crude humor and satire,1
and swordplay,crude humor and satire,1
dangerous technology and the apocalypse,epic heroes,1
dangerous technology and the apocalypse,superheroes in action-packed battles with villains,1
music,action,1
music,epic heroes,1
drama,epic heroes,1
dance rhythms and catchy tunes,action,1
dance rhythms and catchy tunes,epic heroes,1
music,underdogs and coming of age,1
song and dance,underdogs and coming of age,1
dazzling vocal performances and musicals,underdogs and coming of age,1
dance rhythms and catchy tunes,underdogs and coming of age,1
legendary musicians and stardom,underdogs and coming of age,1
bollywood emotional dramas,underdogs and coming of age,1
mystery,emotional and touching family dramas,1
mystery,touching and sentimental family stories,1
mystery,underdogs and coming of age,1
drama,emotional and touching family dramas,1
moving relationship stories,emotional and touching family dramas,1
emotional and touching family dramas,emotional and touching family dramas,1
powerful stories of heartbreak and suffering,emotional and touching family dramas,1
touching and sentimental family stories,emotional and touching family dramas,1
heartbreaking and moving family drama,emotional and touching family dramas,1
enduring stories of family and marital drama,emotional and touching family dramas,1
enduring stories of family and marital drama,underdogs and coming of age,1
spooky,adventure,1
scary comedy,adventure,1
mystery,intense violence and sexual transgression,1
thrillers and murder mysteries,intense violence and sexual transgression,1
thrillers and murder mysteries,the undead and monster classics,1
the undead and monster classics,suspenseful crime thrillers,1
the undead and monster classics,thrillers and murder mysteries,1
drugs and gangsters,and slasher horror,1
drugs and gangsters,gory,1
drugs and gangsters,gruesome,1
drugs and gangsters,intense violence and sexual transgression,1
drugs and gangsters,suspenseful crime thrillers,1
drugs and gangsters,the undead and monster classics,1
drugs and gangsters,thrillers and murder mysteries,1
intriguing and suspenseful murder mysteries,intense violence and sexual transgression,1
intriguing and suspenseful murder mysteries,the undead and monster classics,1
suspenseful crime thrillers,intense violence and sexual transgression,1
noir and dark crime dramas,intense violence and sexual transgression,1
fantasy,thriller,1
creepy,crime,1
chilling,crime,1
and terrifying horror,crime,1
gothic and eerie haunting horror,crime,1
humanity's odyssey: earth and beyond,comedy,1
moving relationship stories,adventure,1
music,crude humor and satire,1
comedy,funny jokes and crude humor,1
underdogs and coming of age,crude humor and satire,1
underdogs and coming of age,funny jokes and crude humor,1
crude humor and satire,funny jokes and crude humor,1
relationship comedy,funny jokes and crude humor,1
relationship comedy,teen school antics and laughter,1
teen school antics and laughter,funny jokes and crude humor,1
gags,funny jokes and crude humor,1
jokes,funny jokes and crude humor,1
and slapstick humor,funny jokes and crude humor,1
student coming-of-age challenges,crude humor and satire,1
student coming-of-age challenges,funny jokes and crude humor,1
student coming-of-age challenges,teen school antics and laughter,1
funny jokes and crude humor,funny jokes and crude humor,1
catchy songs and hilarious musical comedy,funny jokes and crude humor,1
catchy songs and hilarious musical comedy,teen school antics and laughter,1
catchy songs and hilarious musical comedy,underdogs and coming of age,1
disastrous voyages and heroic survival,thriller,1
bravery in war,thriller,1
romance,charming romances and delightful chemistry,1
drama,charming romances and delightful chemistry,1
moving relationship stories,charming romances and delightful chemistry,1
passion and romance,charming romances and delightful chemistry,1
captivating relationships and charming romance,charming romances and delightful chemistry,1
erotic relationships and desire,charming romances and delightful chemistry,1
powerful poetic and passionate drama,captivating relationships and charming romance,1
powerful poetic and passionate drama,charming romances and delightful chemistry,1
enduring stories of family and marital drama,captivating relationships and charming romance,1
enduring stories of family and marital drama,charming romances and delightful chemistry,1
explosive and action-packed heroes vs. villains,horror,1
holiday joy and heartwarming christmas,action,1
spooky,romance,1
scary comedy,romance,1
twisted dark psychological thriller,laugh-out-loud relationship entanglements,1
teen school antics and laughter,laugh-out-loud relationship entanglements,1
intense violence and sexual transgression,science fiction,1
graphic violence and brutal revenge,and supernatural horror,1
graphic violence and brutal revenge,haunted,1
graphic violence and brutal revenge,terrifying,1
graphic violence and brutal revenge,the undead and monster classics,1
challenging or sexual themes & twists,and supernatural horror,1
challenging or sexual themes & twists,haunted,1
challenging or sexual themes & twists,terrifying,1
challenging or sexual themes & twists,the undead and monster classics,1
action,action-packed space and alien sagas,1
action,thought-provoking sci-fi action and future technology,1
epic heroes,action-packed space and alien sagas,1
epic heroes,thought-provoking sci-fi action and future technology,1
high speed and special ops,action-packed space and alien sagas,1
high speed and special ops,aliens,1
high speed and special ops,monsters,1
high speed and special ops,sci-fi and the apocalypse,1
high speed and special ops,thought-provoking sci-fi action and future technology,1
superheroes in action-packed battles with villains,action-packed space and alien sagas,1
superheroes in action-packed battles with villains,thought-provoking sci-fi action and future technology,1
fantasy adventure,action-packed space and alien sagas,1
fantasy adventure,aliens,1
fantasy adventure,monsters,1
fantasy adventure,sci-fi and the apocalypse,1
fantasy adventure,thought-provoking sci-fi action and future technology,1
heroism,action-packed space and alien sagas,1
heroism,aliens,1
heroism,monsters,1
heroism,sci-fi and the apocalypse,1
heroism,thought-provoking sci-fi action and future technology,1
and swordplay,action-packed space and alien sagas,1
and swordplay,aliens,1
and swordplay,monsters,1
and swordplay,sci-fi and the apocalypse,1
and swordplay,thought-provoking sci-fi action and future technology,1
adrenaline-fueled action and fast cars,action-packed space and alien sagas,1
adrenaline-fueled action and fast cars,aliens,1
adrenaline-fueled action and fast cars,monsters,1
adrenaline-fueled action and fast cars,sci-fi and the apocalypse,1
adrenaline-fueled action and fast cars,thought-provoking sci-fi action and future technology,1
explosive and action-packed heroes vs. villains,action-packed space and alien sagas,1
explosive and action-packed heroes vs. villains,aliens,1
explosive and action-packed heroes vs. villains,monsters,1
explosive and action-packed heroes vs. villains,sci-fi and the apocalypse,1
explosive and action-packed heroes vs. villains,thought-provoking sci-fi action and future technology,1
bloody vampire horror,and supernatural horror,1
bloody vampire horror,and terrifying horror,1
bloody vampire horror,chilling,1
bloody vampire horror,creepy,1
bloody vampire horror,haunted,1
bloody vampire horror,terrifying,1
moving relationship stories,music,1
humanity and the world around us,music,1
emotional lgbtq relationships,music,1
powerful stories of heartbreak and suffering,music,1
faith and religion,mystery,1
intense violence and sexual transgression,mystery,1
faith and spiritual journeys,mystery,1
fascinating,moving relationship stories,1
fascinating,powerful stories of heartbreak and suffering,1
emotional stories and documentaries,moving relationship stories,1
emotional stories and documentaries,powerful stories of heartbreak and suffering,1
powerful poetic and passionate drama,powerful stories of heartbreak and suffering,1
romance,mystery,1
moving relationship stories,mystery,1
noir and dark crime dramas,mystery,1
passion and romance,mystery,1
passion and romance,thriller,1
erotic relationships and desire,mystery,1
erotic relationships and desire,thriller,1
amusing jokes and witty satire,and slasher horror,1
amusing jokes and witty satire,gory,1
amusing jokes and witty satire,gruesome,1
dazzling vocal performances and musicals,adventure,1
thriller,drugs and gangsters,1
drama,and crime,1
drama,drugs and gangsters,1
drama,guns,1
drama,violent action,1
drugs and gangsters,drugs and gangsters,1
gritty crime and ruthless gangsters,drugs and gangsters,1
violent crime and drugs,and crime,1
violent crime and drugs,drugs and gangsters,1
violent crime and drugs,guns,1
violent crime and drugs,violent action,1
violent action,drugs and gangsters,1
guns,drugs and gangsters,1
and crime,drugs and gangsters,1
suspenseful crime thrillers,and crime,1
suspenseful crime thrillers,drugs and gangsters,1
suspenseful crime thrillers,guns,1
suspenseful crime thrillers,violent action,1
heists and thrilling action,and crime,1
heists and thrilling action,drugs and gangsters,1
heists and thrilling action,guns,1
heists and thrilling action,violent action,1
laugh-out-loud relationship entanglements,twisted dark psychological thriller,1
faith and religion,thriller,1
religious faith,thriller,1
sin,thriller,1
and forgiveness,thriller,1
drama,suspenseful crime thrillers,1
underdogs and coming of age,suspenseful crime thrillers,1
gripping,suspenseful crime thrillers,1
intense violent crime,suspenseful crime thrillers,1
animation,crime,1
emotional and touching family dramas,adventure,1
emotional lgbtq relationships,adventure,1
emotional lgbtq relationships,family,1
powerful stories of heartbreak and suffering,family,1
thriller,epic heroes,1
thriller,fantasy,1
thriller,superheroes in action-packed battles with villains,1
science fiction,fantasy,1
monsters,fantasy,1
aliens,fantasy,1
sci-fi and the apocalypse,fantasy,1
action-packed space and alien sagas,fantasy,1
historical battles and epic heroism,epic heroes,1
historical battles and epic heroism,fantasy,1
historical battles and epic heroism,science fiction,1
historical battles and epic heroism,superheroes in action-packed battles with villains,1
epic adventure and breathtaking battles,epic heroes,1
epic adventure and breathtaking battles,superheroes in action-packed battles with villains,1
gothic and eerie haunting horror,intense violence and sexual transgression,1
creepy,intense violence and sexual transgression,1
chilling,intense violence and sexual transgression,1
and terrifying horror,intense violence and sexual transgression,1
drugs and gangsters,moving relationship stories,1
drugs and gangsters,romance,1
gritty crime and ruthless gangsters,moving relationship stories,1
engaging,moving relationship stories,1
engaging,romance,1
intense crime and casino drama,moving relationship stories,1
intense crime and casino drama,romance,1
violent action,moving relationship stories,1
guns,moving relationship stories,1
and crime,moving relationship stories,1
religious faith,moving relationship stories,1
sin,moving relationship stories,1
and forgiveness,moving relationship stories,1
amusing jokes and witty satire,moving relationship stories,1
monsters,romance,1
aliens,romance,1
sci-fi and the apocalypse,romance,1
thought-provoking sci-fi action and future technology,romance,1
intense violence and sexual transgression,romance,1
fantasy adventure,romance,1
heroism,romance,1
and swordplay,romance,1
lavish dramas and sumptuous royalty,romance,1
political drama,comedy,1
patriotism,comedy,1
and war,comedy,1
inspiring sports underdog stories,action,1
drama,fantasy,1
captivating vision and shakespearean drama,adventure,1
captivating vision and shakespearean drama,fantasy,1
high speed and special ops,twisted dark psychological thriller,1
adrenaline-fueled action and fast cars,twisted dark psychological thriller,1
explosive and action-packed heroes vs. villains,twisted dark psychological thriller,1
the undead and monster classics,fantasy,1
twisted dark psychological thriller,fantasy,1
gory,fantasy,1
gruesome,fantasy,1
and slasher horror,fantasy,1
emotional and touching family dramas,horror,1
powerful stories of heartbreak and suffering,horror,1
heartbreaking and moving family drama,horror,1
touching and sentimental family stories,horror,1
gripping,horror,1
intense violent crime,horror,1
air pilot heroism and survival,science fiction,1
adventure,and slapstick humor,1
adventure,gags,1
adventure,jokes,1
family,and slapstick humor,1
family,gags,1
family,jokes,1
fantasy,and slapstick humor,1
fantasy,gags,1
fantasy,jokes,1
holiday joy and heartwarming christmas,and slapstick humor,1
holiday joy and heartwarming christmas,gags,1
holiday joy and heartwarming christmas,jokes,1
kids' animated fun and adventure,and slapstick humor,1
kids' animated fun and adventure,gags,1
kids' animated fun and adventure,jokes,1
adorable animals and heartwarming families,and slapstick humor,1
adorable animals and heartwarming families,gags,1
adorable animals and heartwarming families,jokes,1
fairy-tale fantasy and enchanted magic,and slapstick humor,1
fairy-tale fantasy and enchanted magic,crude humor and satire,1
fairy-tale fantasy and enchanted magic,gags,1
fairy-tale fantasy and enchanted magic,jokes,1
epic adventure and breathtaking battles,horror,1
music,thriller,1
holiday joy and heartwarming christmas,thriller,1
fairy-tale fantasy and enchanted magic,thriller,1
science fiction,action comedy and silly heroics,1
comedy,action comedy and silly heroics,1
comedy,explosive and action-packed heroes vs. villains,1
comedy,high speed and special ops,1
action,action comedy and silly heroics,1
adventure,action comedy and silly heroics,1
monsters,action comedy and silly heroics,1
monsters,explosive and action-packed heroes vs. villains,1
monsters,high speed and special ops,1
aliens,action comedy and silly heroics,1
aliens,explosive and action-packed heroes vs. villains,1
aliens,high speed and special ops,1
sci-fi and the apocalypse,action comedy and silly heroics,1
sci-fi and the apocalypse,explosive and action-packed heroes vs. villains,1
sci-fi and the apocalypse,high speed and special ops,1
crude humor and satire,action comedy and silly heroics,1
crude humor and satire,explosive and action-packed heroes vs. villains,1
crude humor and satire,high speed and special ops,1
high speed and special ops,action comedy and silly heroics,1
action-packed space and alien sagas,action comedy and silly heroics,1
action-packed space and alien sagas,explosive and action-packed heroes vs. villains,1
action-packed space and alien sagas,high speed and special ops,1
gags,action comedy and silly heroics,1
gags,explosive and action-packed heroes vs. villains,1
gags,high speed and special ops,1
jokes,action comedy and silly heroics,1
jokes,explosive and action-packed heroes vs. villains,1
jokes,high speed and special ops,1
and slapstick humor,action comedy and silly heroics,1
and slapstick humor,explosive and action-packed heroes vs. villains,1
and slapstick humor,high speed and special ops,1
action comedy and silly heroics,action comedy and silly heroics,1
funny jokes and crude humor,action comedy and silly heroics,1
funny jokes and crude humor,explosive and action-packed heroes vs. villains,1
funny jokes and crude humor,high speed and special ops,1
funny jokes and crude humor,superheroes in action-packed battles with villains,1
imaginative space odysseys and alien encounters,action comedy and silly heroics,1
imaginative space odysseys and alien encounters,explosive and action-packed heroes vs. villains,1
imaginative space odysseys and alien encounters,high speed and special ops,1
adorable animals and heartwarming families,romance,1
politics and human rights,crime,1
riveting political and presidential drama,crime,1
riveting political and presidential drama,thriller,1
music,science fiction,1
family,holiday joy and heartwarming christmas,1
animation,holiday joy and heartwarming christmas,1
adventure,holiday joy and heartwarming christmas,1
comedy,holiday joy and heartwarming christmas,1
fantasy,holiday joy and heartwarming christmas,1
crude humor and satire,holiday joy and heartwarming christmas,1
holiday joy and heartwarming christmas,holiday joy and heartwarming christmas,1
kids' animated fun and adventure,holiday joy and heartwarming christmas,1
laugh-out-loud relationship entanglements,holiday joy and heartwarming christmas,1
animation,mystery,1
family,mystery,1
fantasy,mystery,1
song and dance,mystery,1
kids' animated fun and adventure,mystery,1
holiday joy and heartwarming christmas,mystery,1
adorable animals and heartwarming families,mystery,1
survival horror and zombie carnage,romance,1
intense combat and martial arts,romance,1
documentary,horror,1
fantasy,aliens,1
fantasy,monsters,1
fantasy,sci-fi and the apocalypse,1
intense combat and martial arts,aliens,1
intense combat and martial arts,monsters,1
intense combat and martial arts,sci-fi and the apocalypse,1
sci-fi monster and dinosaur adventures,aliens,1
sci-fi monster and dinosaur adventures,monsters,1
sci-fi monster and dinosaur adventures,sci-fi and the apocalypse,1
student coming-of-age challenges,horror,1
emotional and captivating fantasy storytelling,moving relationship stories,1
exciting spy thrillers with tense intrigue,science fiction,1
crude humor and satire,fantasy,1
gags,fantasy,1
jokes,fantasy,1
and slapstick humor,fantasy,1
intense combat and martial arts,horror,1
mystery,action-packed space and alien sagas,1
mystery,aliens,1
mystery,monsters,1
mystery,sci-fi and the apocalypse,1
mystery,thought-provoking sci-fi action and future technology,1
the undead and monster classics,action-packed space and alien sagas,1
the undead and monster classics,epic heroes,1
the undead and monster classics,superheroes in action-packed battles with villains,1
the undead and monster classics,thought-provoking sci-fi action and future technology,1
imaginative space odysseys and alien encounters,epic heroes,1
thought-provoking sci-fi action and future technology,superheroes in action-packed battles with villains,1
sci-fi horror,action-packed space and alien sagas,1
sci-fi horror,superheroes in action-packed battles with villains,1
sci-fi horror,thought-provoking sci-fi action and future technology,1
creatures,action-packed space and alien sagas,1
creatures,superheroes in action-packed battles with villains,1
creatures,thought-provoking sci-fi action and future technology,1
and aliens,action-packed space and alien sagas,1
and aliens,superheroes in action-packed battles with villains,1
and aliens,thought-provoking sci-fi action and future technology,1
humanity's odyssey: earth and beyond,adventure,1
humanity's odyssey: earth and beyond,epic heroes,1
humanity's odyssey: earth and beyond,superheroes in action-packed battles with villains,1
fantasy,and supernatural horror,1
fantasy,and terrifying horror,1
fantasy,chilling,1
fantasy,creepy,1
fantasy,gothic and eerie haunting horror,1
fantasy,haunted,1
fantasy,terrifying,1
chilling experiments and classic monster horror,and supernatural horror,1
chilling experiments and classic monster horror,and terrifying horror,1
chilling experiments and classic monster horror,chilling,1
chilling experiments and classic monster horror,creepy,1
chilling experiments and classic monster horror,gothic and eerie haunting horror,1
chilling experiments and classic monster horror,haunted,1
chilling experiments and classic monster horror,terrifying,1
mystery,fantasy,1
intense violence and sexual transgression,moving relationship stories,1
exciting spy thrillers with tense intrigue,adventure,1
tv movie,adventure,1
family,animation,1
animation,animation,1
family,horror,1
laugh-out-loud relationship entanglements,science fiction,1
bloody vampire horror,science fiction,1
fairy-tale fantasy and enchanted magic,science fiction,1
action,war,1
drama,war,1
epic history and literature,war,1
historical battles and epic heroism,war,1
disastrous voyages and heroic survival,war,1
air pilot heroism and survival,war,1
air pilot heroism and survival,war and historical adventure,1
spooky,crude humor and satire,1
scary comedy,crude humor and satire,1
inspiring sports underdog stories,crude humor and satire,1
action,and crime,1
action,guns,1
action,violent action,1
dreamlike,and crime,1
dreamlike,guns,1
dreamlike,violent action,1
quirky,and crime,1
quirky,guns,1
quirky,violent action,1
and surreal storytelling,and crime,1
and surreal storytelling,guns,1
and surreal storytelling,violent action,1
surreal and thought-provoking visions of life and death,and crime,1
surreal and thought-provoking visions of life and death,guns,1
surreal and thought-provoking visions of life and death,violent action,1
challenging or sexual themes & twists,action,1
challenging or sexual themes & twists,and crime,1
challenging or sexual themes & twists,guns,1
challenging or sexual themes & twists,violent action,1
drama,and slasher horror,1
drama,gory,1
drama,gruesome,1
drama,intense violence and sexual transgression,1
dreamlike,and slasher horror,1
dreamlike,gory,1
dreamlike,gruesome,1
dreamlike,intense violence and sexual transgression,1
dreamlike,the undead and monster classics,1
quirky,and slasher horror,1
quirky,gory,1
quirky,gruesome,1
quirky,intense violence and sexual transgression,1
quirky,the undead and monster classics,1
and surreal storytelling,and slasher horror,1
and surreal storytelling,gory,1
and surreal storytelling,gruesome,1
and surreal storytelling,intense violence and sexual transgression,1
and surreal storytelling,the undead and monster classics,1
surreal and thought-provoking visions of life and death,and slasher horror,1
surreal and thought-provoking visions of life and death,gory,1
surreal and thought-provoking visions of life and death,gruesome,1
surreal and thought-provoking visions of life and death,intense violence and sexual transgression,1
surreal and thought-provoking visions of life and death,the undead and monster classics,1
fantasy,bloody vampire horror,1
animation,bloody vampire horror,1
horror,bloody vampire horror,1
epic heroes,bloody vampire horror,1
bloody vampire horror,bloody vampire horror,1
creepy,bloody vampire horror,1
chilling,bloody vampire horror,1
and terrifying horror,bloody vampire horror,1
gothic and eerie haunting horror,bloody vampire horror,1
terrifying,bloody vampire horror,1
haunted,bloody vampire horror,1
and supernatural horror,bloody vampire horror,1
survival horror and zombie carnage,bloody vampire horror,1
survival horror and zombie carnage,fantasy,1
epic heroes,romance,1
historical battles and epic heroism,comedy,1
historical battles and epic heroism,romance,1
relationship comedy,twisted dark psychological thriller,1
teen school antics and laughter,twisted dark psychological thriller,1
crime,explosive and action-packed heroes vs. villains,1
crime,high speed and special ops,1
western,twisted dark psychological thriller,1
westerns,twisted dark psychological thriller,1
wild west outlaws and gunfights,twisted dark psychological thriller,1
moving relationship stories,action,1
powerful stories of heartbreak and suffering,action,1
action,romance,1
high speed and special ops,romance,1
explosive and action-packed heroes vs. villains,romance,1
action comedy and silly heroics,romance,1
westerns,crime,1
wild west outlaws and gunfights,crime,1
bloody vampire horror,epic heroes,1
bloody vampire horror,superheroes in action-packed battles with villains,1
gothic and eerie haunting horror,romance,1
chilling experiments and classic monster horror,romance,1
song and dance,moving relationship stories,1
dazzling vocal performances and musicals,moving relationship stories,1
underdogs and coming of age,epic heroes,1
teen school antics and laughter,epic heroes,1
kids' animated fun and adventure,epic heroes,1
music,documentary,1
song and dance,documentary,1
legendary musicians and stardom,documentary,1
emotional life of renowned artists,documentary,1
dazzling vocal performances and musicals,documentary,1
emotional and touching family dramas,thriller,1
touching and sentimental family stories,thriller,1
laugh-out-loud relationship entanglements,thriller,1
moving relationship stories,and slasher horror,1
moving relationship stories,and supernatural horror,1
moving relationship stories,gory,1
moving relationship stories,gruesome,1
moving relationship stories,haunted,1
moving relationship stories,terrifying,1
moving relationship stories,the undead and monster classics,1
moving relationship stories,twisted dark psychological thriller,1
noir and dark crime dramas,and supernatural horror,1
noir and dark crime dramas,haunted,1
noir and dark crime dramas,terrifying,1
suspenseful crime thrillers,and supernatural horror,1
suspenseful crime thrillers,haunted,1
suspenseful crime thrillers,terrifying,1
documentary,crime,1
politics,crime,1
propaganda,crime,1
and political documentaries,crime,1
war,adventure,1
politics and human rights,adventure,1
military combat and heroic soldiers,adventure,1
political drama,adventure,1
patriotism,adventure,1
and war,adventure,1
politics,adventure,1
propaganda,adventure,1
and political documentaries,adventure,1
intense combat and martial arts,explosive and action-packed heroes vs. villains,1
intense combat and martial arts,high speed and special ops,1
military combat and heroic soldiers,comedy,1
sci-fi monster and dinosaur adventures,adventure,1
humanity's odyssey: earth and beyond,thriller,1
amusing jokes and witty satire,teen school antics and laughter,1
amusing jokes and witty satire,underdogs and coming of age,1
laugh-out-loud relationship entanglements,teen school antics and laughter,1
romance,science fiction,1
touching and sentimental family stories,science fiction,1
emotional and touching family dramas,science fiction,1
emotional teen coming-of-age stories,science fiction,1
family,touching and sentimental family stories,1
catchy songs and hilarious musical comedy,and slapstick humor,1
catchy songs and hilarious musical comedy,gags,1
catchy songs and hilarious musical comedy,jokes,1
romance,music,1
dance rhythms and catchy tunes,music,1
enduring stories of family and marital drama,music,1
war,epic heroes,1
amusing jokes and witty satire,epic heroes,1
spooky,epic heroes,1
scary comedy,epic heroes,1
intense combat and martial arts,adventure,1
romance,crime,1
romance,thrillers and murder mysteries,1
enduring stories of family and marital drama,crime,1
enduring stories of family and marital drama,thrillers and murder mysteries,1
gripping,thrillers and murder mysteries,1
intense violent crime,thrillers and murder mysteries,1
terrifying,epic heroes,1
haunted,epic heroes,1
and supernatural horror,epic heroes,1
gothic and eerie haunting horror,epic heroes,1
teen school antics and laughter,crime,1
romance,adventure,1
science fiction,and supernatural horror,1
science fiction,haunted,1
science fiction,terrifying,1
science fiction,twisted dark psychological thriller,1
thought-provoking sci-fi action and future technology,and supernatural horror,1
thought-provoking sci-fi action and future technology,haunted,1
thought-provoking sci-fi action and future technology,horror,1
thought-provoking sci-fi action and future technology,terrifying,1
thought-provoking sci-fi action and future technology,the undead and monster classics,1
thought-provoking sci-fi action and future technology,twisted dark psychological thriller,1
heartbreaking and moving family drama,crime,1
family,superheroes in action-packed battles with villains,1
relationship comedy,superheroes in action-packed battles with villains,1
kids' animated fun and adventure,superheroes in action-packed battles with villains,1
adorable animals and heartwarming families,superheroes in action-packed battles with villains,1
laugh-out-loud relationship entanglements,superheroes in action-packed battles with villains,1
science fiction,crime,1
thought-provoking sci-fi action and future technology,crime,1
moving relationship stories,documentary,1
fascinating,documentary,1
emotional stories and documentaries,documentary,1
emotional life of renowned artists,crime,1
tv movie,music,1
documentary,music,1
family,crime,1
terrifying,adventure,1
haunted,adventure,1
and supernatural horror,adventure,1
gothic and eerie haunting horror,adventure,1
twisted dark psychological thriller,adventure,1
gory,adventure,1
gruesome,adventure,1
and slasher horror,adventure,1
laugh-out-loud relationship entanglements,horror,1
moving relationship stories,crude humor and satire,1
powerful stories of heartbreak and suffering,crude humor and satire,1
emotional and touching family dramas,crude humor and satire,1
adventure,underdogs and coming of age,1
romance,underdogs and coming of age,1
action,underdogs and coming of age,1
action comedy and silly heroics,underdogs and coming of age,1
kids' animated fun and adventure,underdogs and coming of age,1
explosive and action-packed heroes vs. villains,underdogs and coming of age,1
intriguing and suspenseful murder mysteries,action,1
violent action,epic heroes,1
violent action,science fiction,1
guns,epic heroes,1
guns,science fiction,1
and crime,epic heroes,1
and crime,science fiction,1
survival horror and zombie carnage,epic heroes,1
faith and religion,science fiction,1
gothic and eerie haunting horror,mystery,1
creepy,mystery,1
chilling,mystery,1
and terrifying horror,mystery,1
animation,the undead and monster classics,1
adventure,the undead and monster classics,1
action-packed space and alien sagas,horror,1
action-packed space and alien sagas,the undead and monster classics,1
imaginative space odysseys and alien encounters,the undead and monster classics,1
superheroes in action-packed battles with villains,the undead and monster classics,1
emotional and captivating fantasy storytelling,the undead and monster classics,1
student coming-of-age challenges,action,1
emotional teen coming-of-age stories,action,1
romance,horror,1
music,captivating relationships and charming romance,1
music,moving relationship stories,1
music,powerful stories of heartbreak and suffering,1
music,romance,1
music,touching and sentimental family stories,1
romance,powerful stories of heartbreak and suffering,1
humanity and the world around us,captivating relationships and charming romance,1
moving relationship stories,powerful stories of heartbreak and suffering,1
emotional life of renowned artists,captivating relationships and charming romance,1
emotional life of renowned artists,moving relationship stories,1
emotional life of renowned artists,powerful stories of heartbreak and suffering,1
emotional life of renowned artists,romance,1
emotional life of renowned artists,touching and sentimental family stories,1
passion and romance,powerful stories of heartbreak and suffering,1
captivating relationships and charming romance,powerful stories of heartbreak and suffering,1
emotional lgbtq relationships,captivating relationships and charming romance,1
emotional lgbtq relationships,powerful stories of heartbreak and suffering,1
emotional lgbtq relationships,touching and sentimental family stories,1
erotic relationships and desire,powerful stories of heartbreak and suffering,1
erotic relationships and desire,touching and sentimental family stories,1
epic heroes,war and historical adventure,1
song and dance,crime,1
dazzling vocal performances and musicals,crime,1
bollywood emotional dramas,crime,1
sci-fi horror,crime,1
creatures,crime,1
and aliens,crime,1
kids' animated fun and adventure,science fiction,1
quirky and endearing relationships,science fiction,1
gory,romance,1
gruesome,romance,1
and slasher horror,romance,1
tragic sadness and captivating beauty,touching and sentimental family stories,1
violent action,horror,1
guns,horror,1
and crime,horror,1
gritty crime and ruthless gangsters,horror,1
heists and thrilling action,horror,1
romance,fantasy,1
thriller,intriguing and suspenseful murder mysteries,1
crime,intriguing and suspenseful murder mysteries,1
action,intriguing and suspenseful murder mysteries,1
action,suspenseful crime thrillers,1
action,thrillers and murder mysteries,1
epic heroes,intriguing and suspenseful murder mysteries,1
epic heroes,suspenseful crime thrillers,1
epic heroes,thrillers and murder mysteries,1
violent action,intriguing and suspenseful murder mysteries,1
violent action,suspenseful crime thrillers,1
violent action,thrillers and murder mysteries,1
guns,intriguing and suspenseful murder mysteries,1
guns,suspenseful crime thrillers,1
guns,thrillers and murder mysteries,1
and crime,intriguing and suspenseful murder mysteries,1
and crime,suspenseful crime thrillers,1
and crime,thrillers and murder mysteries,1
adrenaline-fueled action and fast cars,intriguing and suspenseful murder mysteries,1
adrenaline-fueled action and fast cars,suspenseful crime thrillers,1
adrenaline-fueled action and fast cars,thrillers and murder mysteries,1
explosive and action-packed heroes vs. villains,intriguing and suspenseful murder mysteries,1
explosive and action-packed heroes vs. villains,suspenseful crime thrillers,1
explosive and action-packed heroes vs. villains,thrillers and murder mysteries,1
heists and thrilling action,intriguing and suspenseful murder mysteries,1
heists and thrilling action,suspenseful crime thrillers,1
heists and thrilling action,thrillers and murder mysteries,1
intense combat and martial arts,intriguing and suspenseful murder mysteries,1
intense combat and martial arts,suspenseful crime thrillers,1
intense combat and martial arts,thrillers and murder mysteries,1
sci-fi monster and dinosaur adventures,comedy,1
comedy,intense violence and sexual transgression,1
crude humor and satire,intense violence and sexual transgression,1
funny jokes and crude humor,intense violence and sexual transgression,1
spooky,intense violence and sexual transgression,1
scary comedy,intense violence and sexual transgression,1
gags,intense violence and sexual transgression,1
jokes,intense violence and sexual transgression,1
and slapstick humor,intense violence and sexual transgression,1
mystery,crude humor and satire,1
horror,crude humor and satire,1
thriller,crude humor and satire,1
emotional and touching family dramas,fantasy,1
gothic and eerie haunting horror,aliens,1
gothic and eerie haunting horror,monsters,1
gothic and eerie haunting horror,sci-fi and the apocalypse,1
terrifying,aliens,1
terrifying,monsters,1
terrifying,sci-fi and the apocalypse,1
haunted,aliens,1
haunted,monsters,1
haunted,sci-fi and the apocalypse,1
and supernatural horror,aliens,1
and supernatural horror,monsters,1
and supernatural horror,sci-fi and the apocalypse,1
creepy,aliens,1
creepy,monsters,1
creepy,sci-fi and the apocalypse,1
chilling,aliens,1
chilling,monsters,1
chilling,sci-fi and the apocalypse,1
and terrifying horror,aliens,1
and terrifying horror,monsters,1
and terrifying horror,sci-fi and the apocalypse,1
fantasy,crime,1
tv movie,fantasy,1
drama,and supernatural horror,1
drama,and terrifying horror,1
drama,chilling,1
drama,creepy,1
drama,gothic and eerie haunting horror,1
drama,haunted,1
drama,terrifying,1
intense violence and sexual transgression,and terrifying horror,1
intense violence and sexual transgression,chilling,1
intense violence and sexual transgression,creepy,1
intense violence and sexual transgression,gothic and eerie haunting horror,1
crime,epic heroes,1
crime,superheroes in action-packed battles with villains,1
touching and sentimental family stories,laugh-out-loud relationship entanglements,1
catchy songs and hilarious musical comedy,laugh-out-loud relationship entanglements,1
humanity and the world around us,adventure,1
faith and religion,adventure,1
faith and spiritual journeys,adventure,1
epic history and literature,horror,1
captivating vision and shakespearean drama,horror,1
faith and religion,action,1
faith and religion,crime,1
epic heroes,mystery,1
charming romances and delightful chemistry,crime,1
charming romances and delightful chemistry,mystery,1
graphic violence and brutal revenge,mystery,1
underdogs and coming of age,fantasy,1
touching and sentimental family stories,fantasy,1
documentary,adventure,1
animation,music,1
family,music,1
kids' animated fun and adventure,music,1
fairy-tale fantasy and enchanted magic,music,1
emotional teen coming-of-age stories,touching and sentimental family stories,1
emotional teen coming-of-age stories,underdogs and coming of age,1
exciting spy thrillers with tense intrigue,epic heroes,1
captivating vision and shakespearean drama,romance,1
