{
  "n_train": 8039,
  "n_test": 2010,
  "hamming_loss": 0.10578685519769573,
  "precision_micro": 0.8018539976825029,
  "recall_micro": 0.27233372687918145,
  "f1_micro": 0.40658049353701525,
  "avg_k": 2,
  "precision_at_k": 0.6186567164179104
}